Time (s),x,y
140.036,12.0794,5.87886
140.052,12.0794,5.87886
140.053,12.0794,5.87886
140.054,12.0794,5.87886
140.07,12.0794,5.87886
140.071,12.063,5.88743
140.072,12.063,5.88743
140.088,12.063,5.88743
140.089,12.063,5.88743
140.09,12.063,5.88743
140.106,12.063,5.88743
140.107,12.0445,5.89558
140.123,12.0445,5.89558
140.124,12.0445,5.89558
140.125,12.0445,5.89558
140.141,12.0445,5.89558
140.142,12.0241,5.90395
140.143,12.0241,5.90395
140.159,12.0241,5.90395
140.16,12.0241,5.90395
140.161,12.0241,5.90395
140.177,12.0241,5.90395
140.178,12.0019,5.91193
140.194,12.0019,5.91193
140.195,12.0019,5.91193
140.196,12.0019,5.91193
140.212,12.0019,5.91193
140.213,11.9782,5.92054
140.214,11.9782,5.92054
140.23,11.9782,5.92054
140.231,11.9782,5.92054
140.247,11.9782,5.92054
140.248,11.9529,5.92907
140.249,11.9529,5.92907
140.265,11.9529,5.92907
140.266,11.9529,5.92907
140.267,11.9529,5.92907
140.283,11.9529,5.92907
140.284,11.9261,5.93676
140.3,11.9261,5.93676
140.301,11.9261,5.93676
140.302,11.9261,5.93676
140.318,11.9261,5.93676
140.319,11.8981,5.94482
140.32,11.8981,5.94482
140.336,11.8981,5.94482
140.337,11.8981,5.94482
140.353,11.8689,5.95251
140.354,11.8689,5.95251
140.355,11.8689,5.95251
140.371,11.8689,5.95251
140.372,11.8387,5.95981
140.388,11.8387,5.95981
140.389,11.8387,5.95981
140.39,11.8387,5.95981
140.406,11.8387,5.95981
140.407,11.8075,5.96692
140.408,11.8075,5.96692
140.424,11.8075,5.96692
140.425,11.8075,5.96692
140.441,11.8075,5.96692
140.442,11.7756,5.97427
140.443,11.7756,5.97427
140.459,11.7756,5.97427
140.46,11.7756,5.97427
140.461,11.7756,5.97427
140.477,11.7756,5.97427
140.478,11.743,5.98105
140.479,11.743,5.98105
140.495,11.743,5.98105
140.496,11.743,5.98105
140.512,11.743,5.98105
140.513,11.7098,5.98718
140.514,11.7098,5.98718
140.53,11.7098,5.98718
140.531,11.7098,5.98718
140.532,11.7098,5.98718
140.548,11.7098,5.98718
140.549,11.6761,5.99276
140.55,11.6761,5.99276
140.566,11.6761,5.99276
140.567,11.6761,5.99276
140.583,11.6761,5.99276
140.584,11.6421,5.9976
140.585,11.6421,5.9976
140.601,11.6421,5.9976
140.602,11.6421,5.9976
140.603,11.6421,5.9976
140.619,11.6421,5.9976
140.62,11.6078,6.00113
140.621,11.6078,6.00113
140.637,11.6078,6.00113
140.638,11.6078,6.00113
140.654,11.6078,6.00113
140.655,11.5735,6.00432
140.656,11.5735,6.00432
140.672,11.5735,6.00432
140.673,11.5735,6.00432
140.674,11.5735,6.00432
140.69,11.5735,6.00432
140.691,11.5369,5.9851
140.692,11.5369,5.9851
140.708,11.5369,5.9851
140.709,11.5369,5.9851
140.725,11.5369,5.9851
140.726,11.5028,5.98613
140.727,11.5028,5.98613
140.743,11.5028,5.98613
140.744,11.5028,5.98613
140.745,11.5028,5.98613
140.761,11.4691,5.98783
140.762,11.4691,5.98783
140.763,11.4691,5.98783
140.779,11.4691,5.98783
140.78,11.436,5.99049
140.796,11.436,5.99049
140.797,11.436,5.99049
140.798,11.436,5.99049
140.814,11.436,5.99049
140.815,11.4033,5.99246
140.816,11.4033,5.99246
140.832,11.4033,5.99246
140.833,11.4033,5.99246
140.834,11.4033,5.99246
140.85,11.4033,5.99246
140.851,11.3713,5.99502
140.867,11.3713,5.99502
140.868,11.3713,5.99502
140.869,11.3713,5.99502
140.885,11.3713,5.99502
140.886,11.3401,5.99752
140.887,11.3401,5.99752
140.903,11.3401,5.99752
140.904,11.3401,5.99752
140.905,11.3401,5.99752
140.921,11.3401,5.99752
140.922,11.3098,5.9993
140.938,11.3098,5.9993
140.939,11.3098,5.9993
140.94,11.3098,5.9993
140.956,11.3098,5.9993
140.957,11.2802,6.00148
140.958,11.2802,6.00148
140.974,11.2802,6.00148
140.975,11.2802,6.00148
140.976,11.2802,6.00148
140.992,11.2802,6.00148
140.993,11.2508,6.00322
141.009,11.2508,6.00322
141.01,11.2508,6.00322
141.011,11.2508,6.00322
141.027,11.2508,6.00322
141.028,11.2214,6.00391
141.029,11.2214,6.00391
141.045,11.2214,6.00391
141.046,11.2214,6.00391
141.047,11.2214,6.00391
141.063,11.2214,6.00391
141.064,11.192,6.00513
141.08,11.192,6.00513
141.081,11.192,6.00513
141.082,11.192,6.00513
141.098,11.192,6.00513
141.099,11.1625,6.00502
141.1,11.1625,6.00502
141.116,11.1625,6.00502
141.117,11.1625,6.00502
141.118,11.1625,6.00502
141.134,11.1625,6.00502
141.135,11.1329,6.00491
141.151,11.1329,6.00491
141.152,11.1329,6.00491
141.153,11.1329,6.00491
141.169,11.1032,6.00497
141.17,11.1032,6.00497
141.171,11.1032,6.00497
141.187,11.1032,6.00497
141.188,11.0734,6.00461
141.189,11.0734,6.00461
141.205,11.0734,6.00461
141.206,11.0734,6.00461
141.222,11.0734,6.00461
141.223,11.0434,6.00497
141.224,11.0434,6.00497
141.24,11.0434,6.00497
141.241,11.0434,6.00497
141.242,11.0434,6.00497
141.258,11.0434,6.00497
141.259,11.013,6.00522
141.26,11.013,6.00522
141.276,11.013,6.00522
141.277,11.013,6.00522
141.293,11.013,6.00522
141.294,10.9822,6.0066
141.295,10.9822,6.0066
141.311,10.9822,6.0066
141.312,10.9822,6.0066
141.313,10.9822,6.0066
141.329,10.9822,6.0066
141.33,10.9513,6.00669
141.331,10.9513,6.00669
141.347,10.9513,6.00669
141.348,10.9513,6.00669
141.364,10.9513,6.00669
141.365,10.9198,6.00793
141.366,10.9198,6.00793
141.382,10.9198,6.00793
141.383,10.9198,6.00793
141.384,10.9198,6.00793
141.4,10.9198,6.00793
141.401,10.8881,6.00895
141.402,10.8881,6.00895
141.418,10.8881,6.00895
141.419,10.8881,6.00895
141.435,10.8881,6.00895
141.436,10.8565,6.00897
141.437,10.8565,6.00897
141.453,10.8565,6.00897
141.454,10.8565,6.00897
141.455,10.8565,6.00897
141.471,10.8565,6.00897
141.472,10.8251,6.00826
141.473,10.8251,6.00826
141.489,10.8251,6.00826
141.49,10.8251,6.00826
141.506,10.8251,6.00826
141.507,10.7933,6.00882
141.508,10.7933,6.00882
141.524,10.7933,6.00882
141.525,10.7933,6.00882
141.526,10.7933,6.00882
141.542,10.7933,6.00882
141.543,10.7611,6.0104
141.544,10.7611,6.0104
141.56,10.7611,6.0104
141.561,10.7611,6.0104
141.577,10.7295,6.01112
141.578,10.7295,6.01112
141.579,10.7295,6.01112
141.595,10.7295,6.01112
141.596,10.6983,6.01199
141.597,10.6983,6.01199
141.613,10.6983,6.01199
141.614,10.6983,6.01199
141.615,10.6983,6.01199
141.631,10.6983,6.01199
141.632,10.6674,6.01334
141.648,10.6674,6.01334
141.649,10.6674,6.01334
141.65,10.6674,6.01334
141.666,10.6674,6.01334
141.667,10.6373,6.01469
141.668,10.6373,6.01469
141.684,10.6373,6.01469
141.685,10.6373,6.01469
141.686,10.6373,6.01469
141.702,10.6373,6.01469
141.703,10.6081,6.01586
141.719,10.6081,6.01586
141.721,10.6081,6.01586
141.737,10.6081,6.01586
141.738,10.5799,6.01655
141.739,10.5799,6.01655
141.755,10.5799,6.01655
141.756,10.5799,6.01655
141.757,10.5799,6.01655
141.773,10.5799,6.01655
141.774,10.5524,6.01807
141.79,10.5524,6.01807
141.791,10.5524,6.01807
141.792,10.5524,6.01807
141.808,10.5524,6.01807
141.809,10.5259,6.01924
141.81,10.5259,6.01924
141.826,10.5259,6.01924
141.827,10.5259,6.01924
141.828,10.5259,6.01924
141.844,10.5259,6.01924
141.845,10.5004,6.02032
141.861,10.5004,6.02032
141.862,10.5004,6.02032
141.863,10.5004,6.02032
141.879,10.5004,6.02032
141.88,10.4743,6.02118
141.881,10.4743,6.02118
141.897,10.4743,6.02118
141.898,10.4743,6.02118
141.899,10.4743,6.02118
141.915,10.4743,6.02118
141.916,10.4429,6.02346
141.932,10.4429,6.02346
141.933,10.4429,6.02346
141.934,10.4429,6.02346
141.95,10.4429,6.02346
141.951,10.4118,6.02504
141.952,10.4118,6.02504
141.968,10.4118,6.02504
141.969,10.4118,6.02504
141.97,10.3813,6.0264
141.986,10.3813,6.0264
141.987,10.3813,6.0264
142.003,10.3813,6.0264
142.004,10.3514,6.02798
142.005,10.3514,6.02798
142.021,10.3514,6.02798
142.022,10.3514,6.02798
142.023,10.3514,6.02798
142.039,10.3514,6.02798
142.04,10.3227,6.02903
142.041,10.3227,6.02903
142.057,10.3227,6.02903
142.058,10.3227,6.02903
142.074,10.3227,6.02903
142.075,10.2952,6.02993
142.076,10.2952,6.02993
142.092,10.2952,6.02993
142.093,10.2952,6.02993
142.094,10.2952,6.02993
142.11,10.2952,6.02993
142.111,10.2684,6.03151
142.112,10.2684,6.03151
142.128,10.2684,6.03151
142.129,10.2684,6.03151
142.145,10.2684,6.03151
142.146,10.243,6.03312
142.147,10.243,6.03312
142.163,10.243,6.03312
142.164,10.243,6.03312
142.165,10.243,6.03312
142.181,10.243,6.03312
142.182,10.2192,6.0351
142.183,10.2192,6.0351
142.199,10.2192,6.0351
142.2,10.2192,6.0351
142.216,10.2192,6.0351
142.217,10.1956,6.03806
142.218,10.1956,6.03806
142.234,10.1956,6.03806
142.235,10.1956,6.03806
142.236,10.1956,6.03806
142.252,10.1956,6.03806
142.253,10.1942,6.0367
142.254,10.1942,6.0367
142.27,10.1942,6.0367
142.271,10.1942,6.0367
142.287,10.1942,6.0367
142.288,10.1726,6.04292
142.289,10.1726,6.04292
142.305,10.1726,6.04292
142.306,10.1726,6.04292
142.307,10.1726,6.04292
142.323,10.1726,6.04292
142.324,10.1514,6.0495
142.325,10.1514,6.0495
142.341,10.1514,6.0495
142.342,10.1514,6.0495
142.358,10.1514,6.0495
142.359,10.1293,6.05633
142.36,10.1293,6.05633
142.376,10.1293,6.05633
142.377,10.1293,6.05633
142.378,10.1066,6.06303
142.394,10.1066,6.06303
142.395,10.1066,6.06303
142.396,10.1066,6.06303
142.412,10.1066,6.06303
142.413,10.0831,6.06933
142.429,10.0831,6.06933
142.43,10.0831,6.06933
142.431,10.0831,6.06933
142.447,10.0831,6.06933
142.448,10.0602,6.07507
142.449,10.0602,6.07507
142.465,10.0602,6.07507
142.466,10.0602,6.07507
142.467,10.0602,6.07507
142.483,10.0602,6.07507
142.484,10.0361,6.07996
142.5,10.0361,6.07996
142.501,10.0361,6.07996
142.502,10.0361,6.07996
142.518,10.0361,6.07996
142.519,10.0119,6.08387
142.52,10.0119,6.08387
142.536,10.0119,6.08387
142.537,10.0119,6.08387
142.553,10.0119,6.08387
142.554,9.98654,6.08668
142.555,9.98654,6.08668
142.571,9.98654,6.08668
142.572,9.98654,6.08668
142.573,9.98654,6.08668
142.589,9.98654,6.08668
142.59,9.96053,6.08831
142.606,9.96053,6.08831
142.607,9.96053,6.08831
142.608,9.96053,6.08831
142.624,9.96053,6.08831
142.625,9.93345,6.08878
142.626,9.93345,6.08878
142.642,9.93345,6.08878
142.643,9.93345,6.08878
142.659,9.93345,6.08878
142.66,9.9049,6.08828
142.661,9.9049,6.08828
142.677,9.9049,6.08828
142.678,9.9049,6.08828
142.694,9.9049,6.08828
142.695,9.87529,6.08659
142.696,9.87529,6.08659
142.712,9.87529,6.08659
142.713,9.87529,6.08659
142.714,9.87529,6.08659
142.73,9.87529,6.08659
142.731,9.84302,6.08513
142.747,9.84302,6.08513
142.748,9.84302,6.08513
142.749,9.84302,6.08513
142.765,9.84302,6.08513
142.766,9.80916,6.0834
142.782,9.80916,6.0834
142.783,9.80916,6.0834
142.784,9.80916,6.0834
142.8,9.80916,6.0834
142.801,9.77331,6.08291
142.802,9.77331,6.08291
142.818,9.77331,6.08291
142.819,9.77331,6.08291
142.82,9.74109,6.08398
142.836,9.74109,6.08398
142.837,9.74109,6.08398
142.853,9.74109,6.08398
142.854,9.70987,6.08452
142.855,9.70987,6.08452
142.871,9.70987,6.08452
142.872,9.70987,6.08452
142.873,9.70987,6.08452
142.889,9.70987,6.08452
142.89,9.67895,6.08549
142.891,9.67895,6.08549
142.907,9.67895,6.08549
142.908,9.67895,6.08549
142.924,9.67895,6.08549
142.925,9.64831,6.08637
142.926,9.64831,6.08637
142.942,9.64831,6.08637
142.943,9.64831,6.08637
142.944,9.64831,6.08637
142.96,9.64831,6.08637
142.961,9.61812,6.08764
142.962,9.61812,6.08764
142.978,9.61812,6.08764
142.979,9.61812,6.08764
142.995,9.61812,6.08764
142.996,9.58771,6.08763
142.997,9.58771,6.08763
143.013,9.58771,6.08763
143.014,9.58771,6.08763
143.015,9.58771,6.08763
143.031,9.58771,6.08763
143.032,9.55773,6.08822
143.033,9.55773,6.08822
143.049,9.55773,6.08822
143.05,9.55773,6.08822
143.066,9.55773,6.08822
143.067,9.52774,6.08859
143.068,9.52774,6.08859
143.084,9.52774,6.08859
143.085,9.52774,6.08859
143.086,9.52774,6.08859
143.102,9.52774,6.08859
143.103,9.49714,6.08758
143.104,9.49714,6.08758
143.12,9.49714,6.08758
143.121,9.49714,6.08758
143.137,9.49714,6.08758
143.138,9.46602,6.08564
143.139,9.46602,6.08564
143.155,9.46602,6.08564
143.156,9.46602,6.08564
143.157,9.46602,6.08564
143.173,9.46602,6.08564
143.174,9.43525,6.08493
143.175,9.43525,6.08493
143.191,9.43525,6.08493
143.192,9.43525,6.08493
143.208,9.43525,6.08493
143.209,9.40438,6.08464
143.21,9.40438,6.08464
143.226,9.40438,6.08464
143.227,9.40438,6.08464
143.228,9.37284,6.08347
143.244,9.37284,6.08347
143.245,9.37284,6.08347
143.246,9.37284,6.08347
143.262,9.37284,6.08347
143.263,9.34092,6.08221
143.279,9.34092,6.08221
143.28,9.34092,6.08221
143.281,9.34092,6.08221
143.297,9.34092,6.08221
143.298,9.30838,6.08004
143.314,9.30838,6.08004
143.315,9.30838,6.08004
143.316,9.30838,6.08004
143.332,9.30838,6.08004
143.333,9.27551,6.07762
143.349,9.27551,6.07762
143.35,9.27551,6.07762
143.351,9.27551,6.07762
143.367,9.27551,6.07762
143.368,9.24223,6.07435
143.369,9.24223,6.07435
143.385,9.24223,6.07435
143.386,9.24223,6.07435
143.387,9.24223,6.07435
143.403,9.24223,6.07435
143.404,9.20877,6.07065
143.42,9.20877,6.07065
143.421,9.20877,6.07065
143.422,9.20877,6.07065
143.438,9.20877,6.07065
143.439,9.17517,6.0659
143.44,9.17517,6.0659
143.456,9.17517,6.0659
143.457,9.17517,6.0659
143.458,9.17517,6.0659
143.474,9.17517,6.0659
143.475,9.14165,6.0604
143.491,9.14165,6.0604
143.492,9.14165,6.0604
143.493,9.14165,6.0604
143.509,9.14165,6.0604
143.51,9.10836,6.05441
143.511,9.10836,6.05441
143.527,9.10836,6.05441
143.528,9.10836,6.05441
143.529,9.10836,6.05441
143.545,9.10836,6.05441
143.546,9.07542,6.04897
143.562,9.07542,6.04897
143.563,9.07542,6.04897
143.564,9.07542,6.04897
143.58,9.07542,6.04897
143.581,9.04288,6.0431
143.582,9.04288,6.0431
143.598,9.04288,6.0431
143.599,9.04288,6.0431
143.6,9.04288,6.0431
143.616,9.04288,6.0431
143.617,9.01087,6.03695
143.633,9.01087,6.03695
143.634,9.01087,6.03695
143.635,9.01087,6.03695
143.651,8.97952,6.03005
143.652,8.97952,6.03005
143.653,8.97952,6.03005
143.669,8.97952,6.03005
143.67,8.94889,6.02282
143.671,8.94889,6.02282
143.687,8.94889,6.02282
143.688,8.94889,6.02282
143.704,8.94889,6.02282
143.705,8.91888,6.01623
143.706,8.91888,6.01623
143.722,8.91888,6.01623
143.723,8.91888,6.01623
143.724,8.91888,6.01623
143.74,8.91888,6.01623
143.741,8.8897,6.00869
143.742,8.8897,6.00869
143.758,8.8897,6.00869
143.759,8.8897,6.00869
143.775,8.8897,6.00869
143.776,8.86082,6.00141
143.777,8.86082,6.00141
143.793,8.86082,6.00141
143.794,8.86082,6.00141
143.795,8.86082,6.00141
143.811,8.86082,6.00141
143.812,8.83561,5.97169
143.813,8.83561,5.97169
143.829,8.83561,5.97169
143.83,8.83561,5.97169
143.846,8.83561,5.97169
143.847,8.80738,5.96342
143.848,8.80738,5.96342
143.864,8.80738,5.96342
143.865,8.80738,5.96342
143.866,8.80738,5.96342
143.882,8.80738,5.96342
143.883,8.77947,5.9544
143.884,8.77947,5.9544
143.9,8.77947,5.9544
143.901,8.77947,5.9544
143.917,8.77947,5.9544
143.918,8.7516,5.94641
143.919,8.7516,5.94641
143.935,8.7516,5.94641
143.936,8.7516,5.94641
143.937,8.7516,5.94641
143.953,8.7516,5.94641
143.954,8.72378,5.93923
143.955,8.72378,5.93923
143.971,8.72378,5.93923
143.972,8.72378,5.93923
143.988,8.72378,5.93923
143.989,8.69618,5.93161
143.99,8.69618,5.93161
144.006,8.69618,5.93161
144.007,8.69618,5.93161
144.008,8.69618,5.93161
144.024,8.69618,5.93161
144.025,8.6686,5.92486
144.026,8.6686,5.92486
144.042,8.6686,5.92486
144.043,8.6686,5.92486
144.059,8.6412,5.91785
144.06,8.6412,5.91785
144.061,8.6412,5.91785
144.077,8.6412,5.91785
144.078,8.61368,5.91246
144.079,8.61368,5.91246
144.095,8.61368,5.91246
144.096,8.61368,5.91246
144.097,8.61368,5.91246
144.113,8.61368,5.91246
144.114,8.58639,5.90626
144.13,8.58639,5.90626
144.131,8.58639,5.90626
144.132,8.58639,5.90626
144.148,8.58639,5.90626
144.149,8.55907,5.90093
144.15,8.55907,5.90093
144.166,8.55907,5.90093
144.167,8.55907,5.90093
144.168,8.55907,5.90093
144.184,8.55907,5.90093
144.185,8.53178,5.89605
144.201,8.53178,5.89605
144.202,8.53178,5.89605
144.203,8.53178,5.89605
144.219,8.53178,5.89605
144.22,8.50465,5.89055
144.221,8.50465,5.89055
144.237,8.50465,5.89055
144.238,8.50465,5.89055
144.239,8.50465,5.89055
144.255,8.50465,5.89055
144.256,8.4774,5.88642
144.272,8.4774,5.88642
144.273,8.4774,5.88642
144.274,8.4774,5.88642
144.29,8.4774,5.88642
144.291,8.45028,5.88161
144.292,8.45028,5.88161
144.308,8.45028,5.88161
144.309,8.45028,5.88161
144.31,8.45028,5.88161
144.326,8.45028,5.88161
144.327,8.42314,5.87734
144.343,8.42314,5.87734
144.344,8.42314,5.87734
144.345,8.42314,5.87734
144.361,8.42314,5.87734
144.362,8.39593,5.87378
144.363,8.39593,5.87378
144.379,8.39593,5.87378
144.38,8.39593,5.87378
144.381,8.39593,5.87378
144.397,8.39593,5.87378
144.398,8.36874,5.8701
144.414,8.36874,5.8701
144.415,8.36874,5.8701
144.416,8.36874,5.8701
144.432,8.36874,5.8701
144.433,8.34146,5.86726
144.434,8.34146,5.86726
144.45,8.34146,5.86726
144.451,8.34146,5.86726
144.452,8.31402,5.86576
144.468,8.31402,5.86576
144.469,8.31402,5.86576
144.485,8.31402,5.86576
144.486,8.28662,5.8637
144.487,8.28662,5.8637
144.503,8.28662,5.8637
144.504,8.28662,5.8637
144.52,8.28662,5.8637
144.521,8.25899,5.86354
144.522,8.25899,5.86354
144.538,8.25899,5.86354
144.539,8.25899,5.86354
144.54,8.25899,5.86354
144.556,8.25899,5.86354
144.557,8.23137,5.86265
144.573,8.23137,5.86265
144.574,8.23137,5.86265
144.575,8.23137,5.86265
144.591,8.23137,5.86265
144.592,8.20353,5.86339
144.593,8.20353,5.86339
144.609,8.20353,5.86339
144.61,8.20353,5.86339
144.626,8.20353,5.86339
144.627,8.17559,5.8642
144.628,8.17559,5.8642
144.644,8.17559,5.8642
144.645,8.17559,5.8642
144.661,8.17559,5.8642
144.662,8.1476,5.86443
144.663,8.1476,5.86443
144.679,8.1476,5.86443
144.68,8.1476,5.86443
144.681,8.1476,5.86443
144.697,8.1476,5.86443
144.698,8.11961,5.86446
144.714,8.11961,5.86446
144.715,8.11961,5.86446
144.716,8.11961,5.86446
144.732,8.11961,5.86446
144.733,8.09156,5.86561
144.734,8.09156,5.86561
144.75,8.09156,5.86561
144.751,8.09156,5.86561
144.767,8.09156,5.86561
144.768,8.06342,5.86829
144.769,8.06342,5.86829
144.785,8.06342,5.86829
144.786,8.06342,5.86829
144.787,8.06342,5.86829
144.803,8.06342,5.86829
144.804,8.03534,5.87079
144.82,8.03534,5.87079
144.821,8.03534,5.87079
144.822,8.03534,5.87079
144.838,8.03534,5.87079
144.839,8.00729,5.87329
144.84,8.00729,5.87329
144.856,8.00729,5.87329
144.857,8.00729,5.87329
144.873,8.00729,5.87329
144.874,7.97926,5.87602
144.875,7.97926,5.87602
144.891,7.97926,5.87602
144.892,7.97926,5.87602
144.893,7.97926,5.87602
144.909,7.95129,5.87822
144.91,7.95129,5.87822
144.926,7.95129,5.87822
144.927,7.95129,5.87822
144.928,7.9233,5.88087
144.944,7.9233,5.88087
144.945,7.9233,5.88087
144.946,7.9233,5.88087
144.962,7.9233,5.88087
144.963,7.89535,5.88325
144.979,7.89535,5.88325
144.98,7.89535,5.88325
144.996,7.89535,5.88325
144.997,7.86747,5.88456
144.998,7.86747,5.88456
145.014,7.86747,5.88456
145.015,7.86747,5.88456
145.016,7.86747,5.88456
145.032,7.86747,5.88456
145.033,7.83958,5.88611
145.049,7.83958,5.88611
145.05,7.83958,5.88611
145.051,7.83958,5.88611
145.067,7.83958,5.88611
145.068,7.8117,5.88726
145.069,7.8117,5.88726
145.085,7.8117,5.88726
145.086,7.8117,5.88726
145.102,7.8117,5.88726
145.103,7.78383,5.88791
145.104,7.78383,5.88791
145.12,7.78383,5.88791
145.121,7.78383,5.88791
145.137,7.78383,5.88791
145.138,7.75598,5.88805
145.139,7.75598,5.88805
145.155,7.75598,5.88805
145.156,7.75598,5.88805
145.157,7.75598,5.88805
145.173,7.75598,5.88805
145.174,7.72806,5.8891
145.19,7.72806,5.8891
145.191,7.72806,5.8891
145.192,7.72806,5.8891
145.208,7.72806,5.8891
145.209,7.70014,5.88942
145.21,7.70014,5.88942
145.226,7.70014,5.88942
145.227,7.70014,5.88942
145.243,7.70014,5.88942
145.244,7.67223,5.88922
145.245,7.67223,5.88922
145.261,7.67223,5.88922
145.262,7.67223,5.88922
145.263,7.67223,5.88922
145.279,7.67223,5.88922
145.28,7.64428,5.88882
145.281,7.64428,5.88882
145.297,7.64428,5.88882
145.298,7.64428,5.88882
145.314,7.64428,5.88882
145.315,7.61631,5.88823
145.316,7.61631,5.88823
145.332,7.61631,5.88823
145.333,7.61631,5.88823
145.334,7.61631,5.88823
145.35,7.61631,5.88823
145.351,7.58834,5.88656
145.367,7.58834,5.88656
145.368,7.58834,5.88656
145.369,7.58834,5.88656
145.385,7.56031,5.88519
145.386,7.56031,5.88519
145.387,7.56031,5.88519
145.403,7.56031,5.88519
145.404,7.53229,5.88258
145.405,7.53229,5.88258
145.421,7.53229,5.88258
145.422,7.53229,5.88258
145.438,7.53229,5.88258
145.439,7.50421,5.88011
145.44,7.50421,5.88011
145.456,7.50421,5.88011
145.457,7.50421,5.88011
145.458,7.50421,5.88011
145.474,7.50421,5.88011
145.475,7.47682,5.85493
145.476,7.47682,5.85493
145.492,7.47682,5.85493
145.493,7.47682,5.85493
145.509,7.47682,5.85493
145.51,7.44868,5.85159
145.511,7.44868,5.85159
145.527,7.44868,5.85159
145.528,7.44868,5.85159
145.544,7.44868,5.85159
145.545,7.42053,5.84701
145.546,7.42053,5.84701
145.562,7.42053,5.84701
145.563,7.42053,5.84701
145.564,7.42053,5.84701
145.58,7.42053,5.84701
145.581,7.39232,5.84324
145.597,7.39232,5.84324
145.598,7.39232,5.84324
145.599,7.39232,5.84324
145.615,7.39232,5.84324
145.616,7.36404,5.84001
145.617,7.36404,5.84001
145.633,7.36404,5.84001
145.634,7.36404,5.84001
145.65,7.36404,5.84001
145.651,7.33562,5.83713
145.652,7.33562,5.83713
145.668,7.33562,5.83713
145.669,7.33562,5.83713
145.685,7.33562,5.83713
145.686,7.3071,5.83427
145.687,7.3071,5.83427
145.703,7.3071,5.83427
145.704,7.3071,5.83427
145.705,7.3071,5.83427
145.721,7.3071,5.83427
145.722,7.27848,5.83181
145.738,7.27848,5.83181
145.739,7.27848,5.83181
145.74,7.27848,5.83181
145.756,7.27848,5.83181
145.757,7.24973,5.83065
145.758,7.24973,5.83065
145.774,7.24973,5.83065
145.775,7.24973,5.83065
145.791,7.24973,5.83065
145.792,7.22095,5.82844
145.793,7.22095,5.82844
145.809,7.22095,5.82844
145.81,7.22095,5.82844
145.811,7.22095,5.82844
145.827,7.19206,5.82751
145.828,7.19206,5.82751
145.844,7.19206,5.82751
145.845,7.19206,5.82751
145.846,7.1631,5.82683
145.862,7.1631,5.82683
145.863,7.1631,5.82683
145.879,7.1631,5.82683
145.88,7.13414,5.82542
145.881,7.13414,5.82542
145.897,7.13414,5.82542
145.898,7.13414,5.82542
145.899,7.13414,5.82542
145.915,7.13414,5.82542
145.916,7.10509,5.82523
145.932,7.10509,5.82523
145.933,7.10509,5.82523
145.934,7.10509,5.82523
145.95,7.10509,5.82523
145.951,7.07605,5.82431
145.952,7.07605,5.82431
145.968,7.07605,5.82431
145.969,7.07605,5.82431
145.985,7.07605,5.82431
145.986,7.04699,5.82364
145.987,7.04699,5.82364
146.003,7.04699,5.82364
146.004,7.04699,5.82364
146.02,7.04699,5.82364
146.021,7.0179,5.82346
146.022,7.0179,5.82346
146.038,7.0179,5.82346
146.039,7.0179,5.82346
146.04,7.0179,5.82346
146.056,7.0179,5.82346
146.057,6.98883,5.82317
146.073,6.98883,5.82317
146.074,6.98883,5.82317
146.075,6.98883,5.82317
146.091,6.98883,5.82317
146.092,6.9597,5.82369
146.093,6.9597,5.82369
146.109,6.9597,5.82369
146.11,6.9597,5.82369
146.126,6.9597,5.82369
146.127,6.93058,5.8245
146.128,6.93058,5.8245
146.144,6.93058,5.8245
146.145,6.93058,5.8245
146.146,6.93058,5.8245
146.162,6.93058,5.8245
146.179,6.90141,5.82611
146.18,6.90141,5.82611
146.181,6.90141,5.82611
146.197,6.90141,5.82611
146.198,6.87234,5.82694
146.199,6.87234,5.82694
146.215,6.87234,5.82694
146.216,6.87234,5.82694
146.232,6.87234,5.82694
146.233,6.84328,5.82832
146.234,6.84328,5.82832
146.25,6.84328,5.82832
146.251,6.84328,5.82832
146.252,6.84328,5.82832
146.268,6.84328,5.82832
146.269,6.81418,5.83056
146.285,6.81418,5.83056
146.286,6.81418,5.83056
146.287,6.81418,5.83056
146.303,6.78531,5.83116
146.304,6.78531,5.83116
146.305,6.78531,5.83116
146.321,6.78531,5.83116
146.322,6.75657,5.83135
146.338,6.75657,5.83135
146.339,6.75657,5.83135
146.355,6.75657,5.83135
146.356,6.72794,5.83146
146.357,6.72794,5.83146
146.373,6.72794,5.83146
146.374,6.72794,5.83146
146.375,6.72794,5.83146
146.391,6.72794,5.83146
146.392,6.69929,5.83283
146.408,6.69929,5.83283
146.409,6.69929,5.83283
146.41,6.69929,5.83283
146.426,6.69929,5.83283
146.427,6.67077,5.83401
146.428,6.67077,5.83401
146.444,6.67077,5.83401
146.445,6.67077,5.83401
146.461,6.67077,5.83401
146.462,6.64249,5.8344
146.463,6.64249,5.8344
146.479,6.64249,5.8344
146.48,6.64249,5.8344
146.496,6.64249,5.8344
146.497,6.6144,5.83442
146.498,6.6144,5.83442
146.514,6.6144,5.83442
146.515,6.6144,5.83442
146.516,6.6144,5.83442
146.532,6.6144,5.83442
146.533,6.58651,5.83416
146.549,6.58651,5.83416
146.55,6.58651,5.83416
146.551,6.58651,5.83416
146.567,6.58651,5.83416
146.568,6.55888,5.83341
146.569,6.55888,5.83341
146.585,6.55888,5.83341
146.586,6.55888,5.83341
146.602,6.55888,5.83341
146.603,6.53158,5.83154
146.604,6.53158,5.83154
146.62,6.53158,5.83154
146.621,6.53158,5.83154
146.622,6.53158,5.83154
146.638,6.53158,5.83154
146.639,6.50459,5.82855
146.655,6.50459,5.82855
146.656,6.50459,5.82855
146.657,6.50459,5.82855
146.673,6.50459,5.82855
146.674,6.47775,5.82572
146.675,6.47775,5.82572
146.691,6.47775,5.82572
146.692,6.47775,5.82572
146.708,6.47775,5.82572
146.709,6.45121,5.82159
146.71,6.45121,5.82159
146.726,6.45121,5.82159
146.727,6.45121,5.82159
146.728,6.45121,5.82159
146.744,6.45121,5.82159
146.745,6.42489,5.81684
146.761,6.42489,5.81684
146.762,6.42489,5.81684
146.763,6.42489,5.81684
146.779,6.39875,5.81166
146.78,6.39875,5.81166
146.781,6.39875,5.81166
146.797,6.39875,5.81166
146.798,6.37272,5.80637
146.814,6.37272,5.80637
146.815,6.37272,5.80637
146.816,6.37272,5.80637
146.832,6.37272,5.80637
146.833,6.34682,5.80078
146.849,6.34682,5.80078
146.85,6.34682,5.80078
146.866,6.34682,5.80078
146.867,6.321,5.7951
146.868,6.321,5.7951
146.884,6.321,5.7951
146.885,6.321,5.7951
146.886,6.321,5.7951
146.902,6.321,5.7951
146.903,6.29533,5.78879
146.919,6.29533,5.78879
146.92,6.29533,5.78879
146.921,6.29533,5.78879
146.937,6.29533,5.78879
146.938,6.26982,5.78154
146.939,6.26982,5.78154
146.955,6.26982,5.78154
146.956,6.26982,5.78154
146.972,6.26982,5.78154
146.973,6.24428,5.77476
146.974,6.24428,5.77476
146.99,6.24428,5.77476
146.991,6.24428,5.77476
147.007,6.24428,5.77476
147.008,6.21886,5.76705
147.009,6.21886,5.76705
147.025,6.21886,5.76705
147.026,6.21886,5.76705
147.027,6.21886,5.76705
147.043,6.21886,5.76705
147.044,6.19341,5.75963
147.06,6.19341,5.75963
147.061,6.19341,5.75963
147.062,6.19341,5.75963
147.078,6.19341,5.75963
147.079,6.16806,5.75123
147.08,6.16806,5.75123
147.096,6.16806,5.75123
147.097,6.16806,5.75123
147.113,6.16806,5.75123
147.114,6.14263,5.74323
147.115,6.14263,5.74323
147.131,6.14263,5.74323
147.132,6.14263,5.74323
147.133,6.14263,5.74323
147.149,6.14263,5.74323
147.15,6.11996,5.71297
147.166,6.11996,5.71297
147.167,6.11996,5.71297
147.168,6.11996,5.71297
147.184,6.11996,5.71297
147.185,6.09443,5.70479
147.201,6.09443,5.70479
147.202,6.09443,5.70479
147.203,6.09443,5.70479
147.219,6.09443,5.70479
147.22,6.06894,5.69568
147.221,6.06894,5.69568
147.237,6.06894,5.69568
147.238,6.06894,5.69568
147.254,6.06894,5.69568
147.255,6.04326,5.68744
147.256,6.04326,5.68744
147.272,6.04326,5.68744
147.273,6.04326,5.68744
147.274,6.01736,5.68005
147.29,6.01736,5.68005
147.291,6.01736,5.68005
147.307,6.01736,5.68005
147.308,5.99118,5.6739
147.309,5.99118,5.6739
147.325,5.99118,5.6739
147.326,5.99118,5.6739
147.342,5.99118,5.6739
147.343,5.96497,5.66701
147.344,5.96497,5.66701
147.36,5.96497,5.66701
147.361,5.96497,5.66701
147.362,5.96497,5.66701
147.378,5.96497,5.66701
147.379,5.93842,5.66154
147.395,5.93842,5.66154
147.396,5.93842,5.66154
147.397,5.93842,5.66154
147.413,5.93842,5.66154
147.414,5.91171,5.65621
147.415,5.91171,5.65621
147.431,5.91171,5.65621
147.432,5.91171,5.65621
147.448,5.91171,5.65621
147.449,5.88463,5.65235
147.45,5.88463,5.65235
147.466,5.88463,5.65235
147.467,5.88463,5.65235
147.483,5.88463,5.65235
147.484,5.85741,5.6487
147.485,5.85741,5.6487
147.501,5.85741,5.6487
147.502,5.85741,5.6487
147.503,5.85741,5.6487
147.519,5.85741,5.6487
147.52,5.83003,5.64583
147.536,5.83003,5.64583
147.537,5.83003,5.64583
147.538,5.83003,5.64583
147.554,5.83003,5.64583
147.555,5.80251,5.6436
147.556,5.80251,5.6436
147.572,5.80251,5.6436
147.573,5.80251,5.6436
147.589,5.80251,5.6436
147.59,5.77493,5.64128
147.591,5.77493,5.64128
147.607,5.77493,5.64128
147.608,5.77493,5.64128
147.624,5.77493,5.64128
147.625,5.74716,5.64004
147.626,5.74716,5.64004
147.642,5.74716,5.64004
147.643,5.74716,5.64004
147.644,5.74716,5.64004
147.66,5.74716,5.64004
147.661,5.71935,5.63868
147.677,5.71935,5.63868
147.678,5.71935,5.63868
147.679,5.71935,5.63868
147.695,5.71935,5.63868
147.696,5.69142,5.63777
147.697,5.69142,5.63777
147.713,5.69142,5.63777
147.714,5.69142,5.63777
147.73,5.69142,5.63777
147.731,5.66332,5.63763
147.732,5.66332,5.63763
147.748,5.66332,5.63763
147.749,5.66332,5.63763
147.765,5.63517,5.63752
147.766,5.63517,5.63752
147.767,5.63517,5.63752
147.783,5.63517,5.63752
147.784,5.60683,5.6383
147.785,5.60683,5.6383
147.801,5.60683,5.6383
147.802,5.60683,5.6383
147.818,5.60683,5.6383
147.819,5.57833,5.63989
147.82,5.57833,5.63989
147.836,5.57833,5.63989
147.837,5.57833,5.63989
147.838,5.57833,5.63989
147.854,5.57833,5.63989
147.855,5.5497,5.64188
147.871,5.5497,5.64188
147.872,5.5497,5.64188
147.873,5.5497,5.64188
147.889,5.5497,5.64188
147.89,5.52103,5.64377
147.906,5.52103,5.64377
147.907,5.52103,5.64377
147.908,5.52103,5.64377
147.924,5.52103,5.64377
147.925,5.49227,5.64583
147.926,5.49227,5.64583
147.942,5.49227,5.64583
147.943,5.49227,5.64583
147.959,5.49227,5.64583
147.96,5.46327,5.64924
147.961,5.46327,5.64924
147.977,5.46327,5.64924
147.979,5.46327,5.64924
147.995,5.46327,5.64924
147.996,5.4344,5.65115
148.012,5.4344,5.65115
148.013,5.4344,5.65115
148.014,5.4344,5.65115
148.03,5.4344,5.65115
148.031,5.40551,5.65277
148.032,5.40551,5.65277
148.048,5.40551,5.65277
148.049,5.40551,5.65277
148.065,5.40551,5.65277
148.066,5.37663,5.65391
148.067,5.37663,5.65391
148.083,5.37663,5.65391
148.084,5.37663,5.65391
148.085,5.37663,5.65391
148.101,5.37663,5.65391
148.102,5.34751,5.65623
148.118,5.34751,5.65623
148.119,5.34751,5.65623
148.12,5.34751,5.65623
148.136,5.34751,5.65623
148.137,5.31829,5.65887
148.138,5.31829,5.65887
148.154,5.31829,5.65887
148.155,5.31829,5.65887
148.171,5.31829,5.65887
148.172,5.28916,5.66038
148.173,5.28916,5.66038
148.189,5.28916,5.66038
148.19,5.28916,5.66038
148.191,5.28916,5.66038
148.207,5.26003,5.66148
148.208,5.26003,5.66148
148.224,5.26003,5.66148
148.225,5.26003,5.66148
148.226,5.23085,5.66249
148.242,5.23085,5.66249
148.243,5.23085,5.66249
148.259,5.23085,5.66249
148.26,5.20172,5.66264
148.261,5.20172,5.66264
148.277,5.20172,5.66264
148.278,5.20172,5.66264
148.279,5.20172,5.66264
148.295,5.20172,5.66264
148.296,5.17268,5.66182
148.312,5.17268,5.66182
148.313,5.17268,5.66182
148.314,5.17268,5.66182
148.33,5.17268,5.66182
148.331,5.14378,5.65962
148.332,5.14378,5.65962
148.348,5.14378,5.65962
148.349,5.14378,5.65962
148.365,5.14378,5.65962
148.366,5.11482,5.65746
148.367,5.11482,5.65746
148.383,5.11482,5.65746
148.384,5.11482,5.65746
148.385,5.11482,5.65746
148.401,5.11482,5.65746
148.402,5.08599,5.65381
148.418,5.08599,5.65381
148.419,5.08599,5.65381
148.42,5.08599,5.65381
148.436,5.08599,5.65381
148.437,5.05712,5.64918
148.438,5.05712,5.64918
148.454,5.05712,5.64918
148.455,5.05712,5.64918
148.471,5.05712,5.64918
148.472,5.02825,5.6435
148.473,5.02825,5.6435
148.489,5.02825,5.6435
148.49,5.02825,5.6435
148.491,5.02825,5.6435
148.507,5.02825,5.6435
148.508,4.99916,5.63819
148.524,4.99916,5.63819
148.525,4.99916,5.63819
148.526,4.99916,5.63819
148.542,4.99916,5.63819
148.543,4.9701,5.63178
148.544,4.9701,5.63178
148.56,4.9701,5.63178
148.561,4.9701,5.63178
148.577,4.9701,5.63178
148.578,4.94104,5.62456
148.579,4.94104,5.62456
148.595,4.94104,5.62456
148.596,4.94104,5.62456
148.612,4.94104,5.62456
148.613,4.91201,5.61646
148.614,4.91201,5.61646
148.63,4.91201,5.61646
148.631,4.91201,5.61646
148.632,4.91201,5.61646
148.648,4.91201,5.61646
148.649,4.8829,5.60816
148.665,4.8829,5.60816
148.666,4.8829,5.60816
148.667,4.8829,5.60816
148.683,4.85386,5.5989
148.684,4.85386,5.5989
148.685,4.85386,5.5989
148.701,4.85386,5.5989
148.702,4.82482,5.58925
148.718,4.82482,5.58925
148.719,4.82482,5.58925
148.72,4.82482,5.58925
148.736,4.82482,5.58925
148.737,4.79591,5.57841
148.738,4.79591,5.57841
148.754,4.79591,5.57841
148.755,4.79591,5.57841
148.771,4.79591,5.57841
148.772,4.76693,5.56775
148.773,4.76693,5.56775
148.789,4.76693,5.56775
148.79,4.76693,5.56775
148.791,4.76693,5.56775
148.807,4.76693,5.56775
148.808,4.74126,5.53518
148.824,4.74126,5.53518
148.825,4.74126,5.53518
148.826,4.74126,5.53518
148.842,4.74126,5.53518
148.843,4.71247,5.52309
148.844,4.71247,5.52309
148.86,4.71247,5.52309
148.861,4.71247,5.52309
148.877,4.71247,5.52309
148.878,4.68358,5.51177
148.879,4.68358,5.51177
148.895,4.68358,5.51177
148.896,4.68358,5.51177
148.897,4.68358,5.51177
148.913,4.68358,5.51177
148.914,4.65457,5.50136
148.93,4.65457,5.50136
148.931,4.65457,5.50136
148.932,4.65457,5.50136
148.948,4.65457,5.50136
148.949,4.62548,5.49173
148.965,4.62548,5.49173
148.966,4.62548,5.49173
148.982,4.62548,5.49173
148.983,4.59646,5.482
148.984,4.59646,5.482
149,4.59646,5.482
149.001,4.59646,5.482
149.002,4.59646,5.482
149.018,4.59646,5.482
149.019,4.56741,5.47294
149.035,4.56741,5.47294
149.036,4.56741,5.47294
149.037,4.56741,5.47294
149.053,4.56741,5.47294
149.054,4.53821,5.46543
149.055,4.53821,5.46543
149.071,4.53821,5.46543
149.072,4.53821,5.46543
149.088,4.53821,5.46543
149.089,4.50918,5.4574
149.09,4.50918,5.4574
149.106,4.50918,5.4574
149.107,4.50918,5.4574
149.123,4.50918,5.4574
149.124,4.48007,5.45064
149.125,4.48007,5.45064
149.141,4.48007,5.45064
149.142,4.48007,5.45064
149.143,4.48007,5.45064
149.159,4.45101,5.44449
149.16,4.45101,5.44449
149.176,4.45101,5.44449
149.177,4.45101,5.44449
149.178,4.42208,5.43835
149.194,4.42208,5.43835
149.195,4.42208,5.43835
149.196,4.42208,5.43835
149.212,4.42208,5.43835
149.213,4.39318,5.43308
149.229,4.39318,5.43308
149.23,4.39318,5.43308
149.231,4.39318,5.43308
149.247,4.39318,5.43308
149.248,4.3644,5.42817
149.249,4.3644,5.42817
149.265,4.3644,5.42817
149.266,4.3644,5.42817
149.282,4.3644,5.42817
149.283,4.33572,5.42381
149.284,4.33572,5.42381
149.3,4.33572,5.42381
149.301,4.33572,5.42381
149.302,4.33572,5.42381
149.318,4.33572,5.42381
149.319,4.3071,5.42039
149.335,4.3071,5.42039
149.336,4.3071,5.42039
149.337,4.3071,5.42039
149.353,4.3071,5.42039
149.354,4.27852,5.41776
149.355,4.27852,5.41776
149.371,4.27852,5.41776
149.372,4.27852,5.41776
149.388,4.27852,5.41776
149.389,4.24987,5.4165
149.39,4.24987,5.4165
149.406,4.24987,5.4165
149.407,4.24987,5.4165
149.408,4.24987,5.4165
149.424,4.24987,5.4165
149.425,4.22131,5.41555
149.441,4.22131,5.41555
149.442,4.22131,5.41555
149.443,4.22131,5.41555
149.459,4.22131,5.41555
149.46,4.19259,5.41637
149.476,4.19259,5.41637
149.477,4.19259,5.41637
149.478,4.19259,5.41637
149.494,4.19259,5.41637
149.495,4.16409,5.41654
149.496,4.16409,5.41654
149.512,4.16409,5.41654
149.513,4.16409,5.41654
149.529,4.16409,5.41654
149.53,4.13552,5.41783
149.531,4.13552,5.41783
149.547,4.13552,5.41783
149.548,4.13552,5.41783
149.549,4.13552,5.41783
149.565,4.13552,5.41783
149.566,4.10687,5.42024
149.582,4.10687,5.42024
149.583,4.10687,5.42024
149.584,4.10687,5.42024
149.6,4.10687,5.42024
149.601,4.07851,5.42144
149.602,4.07851,5.42144
149.618,4.07851,5.42144
149.619,4.07851,5.42144
149.635,4.05023,5.42259
149.636,4.05023,5.42259
149.637,4.05023,5.42259
149.653,4.05023,5.42259
149.654,4.02199,5.42394
149.655,4.02199,5.42394
149.671,4.02199,5.42394
149.672,4.02199,5.42394
149.688,4.02199,5.42394
149.689,3.99359,5.42678
149.69,3.99359,5.42678
149.706,3.99359,5.42678
149.707,3.99359,5.42678
149.708,3.99359,5.42678
149.724,3.99359,5.42678
149.725,3.96522,5.42979
149.741,3.96522,5.42979
149.742,3.96522,5.42979
149.743,3.96522,5.42979
149.759,3.96522,5.42979
149.76,3.937,5.43217
149.761,3.937,5.43217
149.777,3.937,5.43217
149.778,3.937,5.43217
149.794,3.937,5.43217
149.795,3.90885,5.43435
149.796,3.90885,5.43435
149.812,3.90885,5.43435
149.813,3.90885,5.43435
149.829,3.90885,5.43435
149.83,3.88071,5.43665
149.831,3.88071,5.43665
149.847,3.88071,5.43665
149.848,3.88071,5.43665
149.849,3.88071,5.43665
149.865,3.88071,5.43665
149.866,3.85268,5.43842
149.882,3.85268,5.43842
149.883,3.85268,5.43842
149.884,3.85268,5.43842
149.9,3.85268,5.43842
149.901,3.82479,5.43944
149.902,3.82479,5.43944
149.918,3.82479,5.43944
149.919,3.82479,5.43944
149.935,3.82479,5.43944
149.936,3.79703,5.43966
149.937,3.79703,5.43966
149.953,3.79703,5.43966
149.954,3.79703,5.43966
149.955,3.79703,5.43966
149.971,3.79703,5.43966
149.972,3.76928,5.43988
149.988,3.76928,5.43988
149.989,3.76928,5.43988
149.99,3.76928,5.43988
150.006,3.76928,5.43988
150.007,3.74171,5.43887
150.008,3.74171,5.43887
150.024,3.74171,5.43887
150.025,3.74171,5.43887
150.041,3.74171,5.43887
150.042,3.71423,5.43719
150.043,3.71423,5.43719
150.059,3.71423,5.43719
150.06,3.71423,5.43719
150.061,3.71423,5.43719
150.077,3.68682,5.43494
150.078,3.68682,5.43494
150.094,3.68682,5.43494
150.095,3.68682,5.43494
150.096,3.6594,5.43253
150.112,3.6594,5.43253
150.113,3.6594,5.43253
150.129,3.6594,5.43253
150.13,3.63208,5.42932
150.131,3.63208,5.42932
150.147,3.63208,5.42932
150.148,3.63208,5.42932
150.149,3.63208,5.42932
150.165,3.63208,5.42932
150.166,3.60476,5.42577
150.182,3.60476,5.42577
150.183,3.60476,5.42577
150.184,3.60476,5.42577
150.2,3.60476,5.42577
150.201,3.5775,5.42146
150.202,3.5775,5.42146
150.218,3.5775,5.42146
150.219,3.5775,5.42146
150.235,3.5775,5.42146
150.236,3.55045,5.41552
150.237,3.55045,5.41552
150.253,3.55045,5.41552
150.254,3.55045,5.41552
150.27,3.55045,5.41552
150.271,3.5234,5.40928
150.272,3.5234,5.40928
150.288,3.5234,5.40928
150.289,3.5234,5.40928
150.29,3.5234,5.40928
150.306,3.5234,5.40928
150.307,3.49646,5.40241
150.323,3.49646,5.40241
150.324,3.49646,5.40241
150.325,3.49646,5.40241
150.341,3.49646,5.40241
150.342,3.46967,5.3946
150.343,3.46967,5.3946
150.359,3.46967,5.3946
150.36,3.46967,5.3946
150.376,3.46967,5.3946
150.377,3.44308,5.38558
150.378,3.44308,5.38558
150.394,3.44308,5.38558
150.395,3.44308,5.38558
150.396,3.44308,5.38558
150.412,3.44308,5.38558
150.413,3.41648,5.37664
150.429,3.41648,5.37664
150.43,3.41648,5.37664
150.431,3.41648,5.37664
150.447,3.41648,5.37664
150.448,3.39378,5.3455
150.449,3.39378,5.3455
150.465,3.39378,5.3455
150.466,3.39378,5.3455
150.482,3.39378,5.3455
150.483,3.36751,5.33496
150.484,3.36751,5.33496
150.5,3.36751,5.33496
150.501,3.36751,5.33496
150.502,3.36751,5.33496
150.518,3.36751,5.33496
150.519,3.3413,5.32414
150.535,3.3413,5.32414
150.536,3.3413,5.32414
150.537,3.3413,5.32414
150.553,3.31498,5.31403
150.554,3.31498,5.31403
150.555,3.31498,5.31403
150.571,3.31498,5.31403
150.572,3.28853,5.30471
150.588,3.28853,5.30471
150.589,3.28853,5.30471
150.59,3.28853,5.30471
150.606,3.28853,5.30471
150.607,3.26223,5.29458
150.623,3.26223,5.29458
150.624,3.26223,5.29458
150.64,3.26223,5.29458
150.641,3.23577,5.28534
150.642,3.23577,5.28534
150.658,3.23577,5.28534
150.659,3.23577,5.28534
150.66,3.23577,5.28534
150.676,3.23577,5.28534
150.677,3.20939,5.27573
150.693,3.20939,5.27573
150.694,3.20939,5.27573
150.695,3.20939,5.27573
150.711,3.20939,5.27573
150.713,3.18272,5.26769
150.729,3.18272,5.26769
150.73,3.18272,5.26769
150.746,3.18272,5.26769
150.747,3.15619,5.25893
150.748,3.15619,5.25893
150.764,3.15619,5.25893
150.765,3.15619,5.25893
150.781,3.15619,5.25893
150.782,3.12953,5.25086
150.783,3.12953,5.25086
150.799,3.12953,5.25086
150.8,3.12953,5.25086
150.801,3.12953,5.25086
150.817,3.12953,5.25086
150.818,3.1028,5.24322
150.834,3.1028,5.24322
150.835,3.1028,5.24322
150.836,3.1028,5.24322
150.852,3.1028,5.24322
150.853,3.07617,5.23505
150.854,3.07617,5.23505
150.87,3.07617,5.23505
150.871,3.07617,5.23505
150.887,3.07617,5.23505
150.888,3.04931,5.22809
150.889,3.04931,5.22809
150.905,3.04931,5.22809
150.906,3.04931,5.22809
150.907,3.04931,5.22809
150.923,3.04931,5.22809
150.924,3.02254,5.22067
150.94,3.02254,5.22067
150.941,3.02254,5.22067
150.942,3.02254,5.22067
150.958,3.02254,5.22067
150.959,2.99569,5.21372
150.96,2.99569,5.21372
150.976,2.99569,5.21372
150.977,2.99569,5.21372
150.993,2.99569,5.21372
150.994,2.96869,5.20762
150.995,2.96869,5.20762
151.011,2.96869,5.20762
151.012,2.96869,5.20762
151.013,2.96869,5.20762
151.029,2.9417,5.20144
151.03,2.9417,5.20144
151.046,2.9417,5.20144
151.047,2.9417,5.20144
151.048,2.91453,5.19627
151.064,2.91453,5.19627
151.065,2.91453,5.19627
151.066,2.91453,5.19627
151.082,2.91453,5.19627
151.083,2.88713,5.1923
151.099,2.88713,5.1923
151.1,2.88713,5.1923
151.101,2.88713,5.1923
151.117,2.88713,5.1923
151.118,2.85973,5.18843
151.134,2.85973,5.18843
151.135,2.85973,5.18843
151.136,2.85973,5.18843
151.152,2.85973,5.18843
151.153,2.83212,5.18569
151.154,2.83212,5.18569
151.17,2.83212,5.18569
151.171,2.83212,5.18569
151.187,2.83212,5.18569
151.188,2.80456,5.18283
151.189,2.80456,5.18283
151.205,2.80456,5.18283
151.206,2.80456,5.18283
151.207,2.80456,5.18283
151.223,2.80456,5.18283
151.224,2.77664,5.18157
151.24,2.77664,5.18157
151.241,2.77664,5.18157
151.242,2.77664,5.18157
151.258,2.77664,5.18157
151.259,2.74884,5.17966
151.26,2.74884,5.17966
151.276,2.74884,5.17966
151.277,2.74884,5.17966
151.293,2.74884,5.17966
151.294,2.72106,5.17751
151.295,2.72106,5.17751
151.311,2.72106,5.17751
151.312,2.72106,5.17751
151.313,2.72106,5.17751
151.329,2.72106,5.17751
151.33,2.6934,5.17475
151.346,2.6934,5.17475
151.347,2.6934,5.17475
151.348,2.6934,5.17475
151.364,2.6934,5.17475
151.365,2.66551,5.17317
151.366,2.66551,5.17317
151.382,2.66551,5.17317
151.383,2.66551,5.17317
151.399,2.66551,5.17317
151.4,2.63739,5.17282
151.401,2.63739,5.17282
151.417,2.63739,5.17282
151.418,2.63739,5.17282
151.419,2.63739,5.17282
151.435,2.63739,5.17282
151.436,2.60942,5.17182
151.452,2.60942,5.17182
151.453,2.60942,5.17182
151.454,2.60942,5.17182
151.47,2.60942,5.17182
151.471,2.58148,5.17081
151.487,2.58148,5.17081
151.488,2.58148,5.17081
151.489,2.58148,5.17081
151.505,2.55352,5.17009
151.506,2.55352,5.17009
151.507,2.55352,5.17009
151.523,2.55352,5.17009
151.524,2.52576,5.16845
151.54,2.52576,5.16845
151.541,2.52576,5.16845
151.542,2.52576,5.16845
151.558,2.52576,5.16845
151.559,2.49797,5.16716
151.56,2.49797,5.16716
151.576,2.49797,5.16716
151.577,2.49797,5.16716
151.593,2.49797,5.16716
151.594,2.47026,5.16571
151.595,2.47026,5.16571
151.611,2.47026,5.16571
151.612,2.47026,5.16571
151.613,2.47026,5.16571
151.629,2.47026,5.16571
151.63,2.44278,5.16312
151.646,2.44278,5.16312
151.647,2.44278,5.16312
151.648,2.44278,5.16312
151.664,2.44278,5.16312
151.665,2.41535,5.1605
151.666,2.41535,5.1605
151.682,2.41535,5.1605
151.683,2.41535,5.1605
151.699,2.41535,5.1605
151.7,2.38801,5.15756
151.701,2.38801,5.15756
151.717,2.38801,5.15756
151.718,2.38801,5.15756
151.719,2.38801,5.15756
151.735,2.38801,5.15756
151.736,2.36079,5.15421
151.752,2.36079,5.15421
151.753,2.36079,5.15421
151.754,2.36079,5.15421
151.77,2.36079,5.15421
151.771,2.33369,5.15034
151.772,2.33369,5.15034
151.788,2.33369,5.15034
151.789,2.33369,5.15034
151.805,2.33369,5.15034
151.806,2.30651,5.14738
151.807,2.30651,5.14738
151.823,2.30651,5.14738
151.824,2.30651,5.14738
151.84,2.30651,5.14738
151.841,2.27948,5.14376
151.842,2.27948,5.14376
151.858,2.27948,5.14376
151.859,2.27948,5.14376
151.86,2.27948,5.14376
151.876,2.27948,5.14376
151.877,2.25257,5.13965
151.893,2.25257,5.13965
151.894,2.25257,5.13965
151.895,2.25257,5.13965
151.911,2.25257,5.13965
151.912,2.22574,5.13548
151.913,2.22574,5.13548
151.929,2.22574,5.13548
151.93,2.22574,5.13548
151.946,2.22574,5.13548
151.947,2.199,5.13114
151.948,2.199,5.13114
151.964,2.199,5.13114
151.965,2.199,5.13114
151.966,2.17244,5.1259
151.982,2.17244,5.1259
151.983,2.17244,5.1259
151.999,2.17244,5.1259
152,2.1459,5.12117
152.001,2.1459,5.12117
152.017,2.1459,5.12117
152.018,2.1459,5.12117
152.019,2.1459,5.12117
152.035,2.1459,5.12117
152.036,2.11954,5.11554
152.052,2.11954,5.11554
152.053,2.11954,5.11554
152.054,2.11954,5.11554
152.07,2.11954,5.11554
152.071,2.09329,5.1098
152.072,2.09329,5.1098
152.088,2.09329,5.1098
152.089,2.09329,5.1098
152.105,2.09329,5.1098
152.106,2.06975,5.08201
152.107,2.06975,5.08201
152.123,2.06975,5.08201
152.124,2.06975,5.08201
152.125,2.06975,5.08201
152.141,2.06975,5.08201
152.142,2.04364,5.07624
152.158,2.04364,5.07624
152.159,2.04364,5.07624
152.16,2.04364,5.07624
152.176,2.04364,5.07624
152.177,2.01771,5.06964
152.193,2.01771,5.06964
152.194,2.01771,5.06964
152.195,2.01771,5.06964
152.211,2.01771,5.06964
152.212,1.99178,5.06361
152.213,1.99178,5.06361
152.229,1.99178,5.06361
152.23,1.99178,5.06361
152.246,1.99178,5.06361
152.247,1.96581,5.0585
152.248,1.96581,5.0585
152.264,1.96581,5.0585
152.265,1.96581,5.0585
152.266,1.96581,5.0585
152.282,1.96581,5.0585
152.283,1.93978,5.05448
152.299,1.93978,5.05448
152.3,1.93978,5.05448
152.301,1.93978,5.05448
152.317,1.93978,5.05448
152.318,1.91391,5.04976
152.319,1.91391,5.04976
152.335,1.91391,5.04976
152.336,1.91391,5.04976
152.352,1.91391,5.04976
152.353,1.88797,5.04616
152.354,1.88797,5.04616
152.37,1.88797,5.04616
152.371,1.88797,5.04616
152.372,1.88797,5.04616
152.388,1.88797,5.04616
152.389,1.86211,5.04244
152.405,1.86211,5.04244
152.406,1.86211,5.04244
152.407,1.86211,5.04244
152.423,1.83613,5.04032
152.424,1.83613,5.04032
152.425,1.83613,5.04032
152.441,1.83613,5.04032
152.442,1.81036,5.03696
152.458,1.81036,5.03696
152.459,1.81036,5.03696
152.46,1.81036,5.03696
152.476,1.81036,5.03696
152.477,1.78448,5.03504
152.478,1.78448,5.03504
152.494,1.78448,5.03504
152.495,1.78448,5.03504
152.511,1.78448,5.03504
152.512,1.75864,5.03328
152.513,1.75864,5.03328
152.529,1.75864,5.03328
152.53,1.75864,5.03328
152.546,1.75864,5.03328
152.547,1.73287,5.03132
152.548,1.73287,5.03132
152.564,1.73287,5.03132
152.565,1.73287,5.03132
152.566,1.73287,5.03132
152.582,1.73287,5.03132
152.583,1.70708,5.03004
152.599,1.70708,5.03004
152.6,1.70708,5.03004
152.601,1.70708,5.03004
152.617,1.70708,5.03004
152.618,1.68141,5.02807
152.619,1.68141,5.02807
152.635,1.68141,5.02807
152.636,1.68141,5.02807
152.652,1.68141,5.02807
152.653,1.65574,5.02656
152.654,1.65574,5.02656
152.67,1.65574,5.02656
152.671,1.65574,5.02656
152.672,1.65574,5.02656
152.688,1.65574,5.02656
152.689,1.63012,5.02502
152.705,1.63012,5.02502
152.706,1.63012,5.02502
152.707,1.63012,5.02502
152.723,1.63012,5.02502
152.724,1.60447,5.02398
152.725,1.60447,5.02398
152.741,1.60447,5.02398
152.742,1.60447,5.02398
152.758,1.60447,5.02398
152.759,1.57888,5.02279
152.76,1.57888,5.02279
152.776,1.57888,5.02279
152.777,1.57888,5.02279
152.778,1.57888,5.02279
152.794,1.57888,5.02279
152.795,1.55327,5.02208
152.811,1.55327,5.02208
152.812,1.55327,5.02208
152.813,1.55327,5.02208
152.829,1.55327,5.02208
152.83,1.52758,5.02218
152.846,1.52758,5.02218
152.847,1.52758,5.02218
152.848,1.52758,5.02218
152.864,1.52758,5.02218
152.865,1.50203,5.02146
152.866,1.50203,5.02146
152.882,1.50203,5.02146
152.883,1.50203,5.02146
152.884,1.47631,5.02222
152.9,1.47631,5.02222
152.901,1.47631,5.02222
152.917,1.47631,5.02222
152.918,1.45077,5.02176
152.919,1.45077,5.02176
152.935,1.45077,5.02176
152.936,1.45077,5.02176
152.937,1.45077,5.02176
152.953,1.45077,5.02176
152.954,1.42514,5.02218
152.955,1.42514,5.02218
152.971,1.42514,5.02218
152.972,1.42514,5.02218
152.988,1.42514,5.02218
152.989,1.39948,5.02292
152.99,1.39948,5.02292
153.006,1.39948,5.02292
153.007,1.39948,5.02292
153.008,1.39948,5.02292
153.024,1.39948,5.02292
153.025,1.37402,5.02219
153.026,1.37402,5.02219
153.042,1.37402,5.02219
153.043,1.37402,5.02219
153.059,1.37402,5.02219
153.06,1.3483,5.02121
153.061,1.3483,5.02121
153.077,1.3483,5.02121
153.078,1.3483,5.02121
153.079,1.3483,5.02121
153.095,1.3483,5.02121
153.096,1.32189,5.01979
153.097,1.32189,5.01979
153.113,1.32189,5.01979
153.114,1.32189,5.01979
153.13,1.32189,5.01979
153.131,1.29467,5.01946
153.132,1.29467,5.01946
153.148,1.29467,5.01946
153.149,1.29467,5.01946
153.15,1.29467,5.01946
153.166,1.29467,5.01946
153.167,1.26679,5.01968
153.168,1.26679,5.01968
153.184,1.26679,5.01968
153.185,1.26679,5.01968
153.201,1.26679,5.01968
153.202,1.23859,5.01883
153.203,1.23859,5.01883
153.219,1.23859,5.01883
153.22,1.23859,5.01883
153.221,1.23859,5.01883
153.237,1.23859,5.01883
153.238,1.21002,5.01776
153.239,1.21002,5.01776
153.255,1.21002,5.01776
153.256,1.21002,5.01776
153.272,1.21002,5.01776
153.273,1.18117,5.0167
153.274,1.18117,5.0167
153.29,1.18117,5.0167
153.291,1.18117,5.0167
153.292,1.15219,5.01512
153.308,1.15219,5.01512
153.309,1.15219,5.01512
153.31,1.15219,5.01512
153.326,1.15219,5.01512
153.327,1.12323,5.01281
153.343,1.12323,5.01281
153.344,1.12323,5.01281
153.345,1.12323,5.01281
153.361,1.12323,5.01281
153.362,1.09443,5.00935
153.363,1.09443,5.00935
153.379,1.09443,5.00935
153.38,1.09443,5.00935
153.381,1.09443,5.00935
153.397,1.09443,5.00935
153.398,1.06578,5.00554
153.414,1.06578,5.00554
153.415,1.06578,5.00554
153.416,1.06578,5.00554
153.432,1.06578,5.00554
153.433,1.03744,5.00105
153.434,1.03744,5.00105
153.45,1.03744,5.00105
153.451,1.03744,5.00105
153.452,1.03744,5.00105
153.468,1.03744,5.00105
153.469,1.00944,4.99624
153.485,1.00944,4.99624
153.486,1.00944,4.99624
153.487,1.00944,4.99624
153.503,1.00944,4.99624
153.504,0.981863,4.99127
153.505,0.981863,4.99127
153.521,0.981863,4.99127
153.522,0.981863,4.99127
153.523,0.981863,4.99127
153.539,0.981863,4.99127
153.54,0.954787,4.98626
153.556,0.954787,4.98626
153.557,0.954787,4.98626
153.558,0.954787,4.98626
153.574,0.954787,4.98626
153.575,0.928303,4.98125
153.576,0.928303,4.98125
153.592,0.928303,4.98125
153.593,0.928303,4.98125
153.594,0.928303,4.98125
153.61,0.928303,4.98125
153.611,0.902549,4.97597
153.627,0.902549,4.97597
153.628,0.902549,4.97597
153.629,0.902549,4.97597
153.645,0.902549,4.97597
153.646,0.877729,4.96977
153.647,0.877729,4.96977
153.663,0.877729,4.96977
153.664,0.877729,4.96977
153.665,0.877729,4.96977
153.681,0.853672,4.96436
153.682,0.853672,4.96436
153.698,0.853672,4.96436
153.699,0.853672,4.96436
153.7,0.830705,4.95828
153.716,0.830705,4.95828
153.717,0.830705,4.95828
153.733,0.830705,4.95828
153.734,0.808727,4.95278
153.735,0.808727,4.95278
153.751,0.808727,4.95278
153.752,0.808727,4.95278
153.753,0.808727,4.95278
153.769,0.808727,4.95278
153.77,0.788003,4.94683
153.786,0.788003,4.94683
153.787,0.788003,4.94683
153.788,0.788003,4.94683
153.804,0.788003,4.94683
153.805,0.768592,4.94067
153.806,0.768592,4.94067
153.822,0.768592,4.94067
153.823,0.768592,4.94067
153.839,0.768592,4.94067
153.84,0.750515,4.93475
153.841,0.750515,4.93475
153.857,0.750515,4.93475
153.858,0.750515,4.93475
153.874,0.750515,4.93475
153.875,0.73754,4.90722
153.876,0.73754,4.90722
153.892,0.73754,4.90722
153.893,0.73754,4.90722
153.894,0.73754,4.90722
153.91,0.73754,4.90722
153.911,0.722705,4.90026
153.927,0.722705,4.90026
153.928,0.722705,4.90026
153.929,0.722705,4.90026
153.945,0.722705,4.90026
153.946,0.709459,4.89375
153.962,0.709459,4.89375
153.963,0.709459,4.89375
153.964,0.709459,4.89375
153.98,0.709459,4.89375
