Time (s),Agent ID,Distance
140.053,121,9.35555
140.053,122,9.29702
140.053,123,12.1784
140.054,121,9.35555
140.054,122,9.29702
140.054,123,12.1784
140.055,121,9.35555
140.055,122,9.29702
140.055,123,12.1784
140.071,121,9.35555
140.071,122,9.29702
140.071,123,12.1784
140.072,121,9.35991
140.072,122,9.30038
140.072,123,12.1222
140.088,121,9.35991
140.088,122,9.30038
140.088,123,12.1222
140.089,121,9.35991
140.089,122,9.30038
140.089,123,12.1222
140.09,121,9.35991
140.09,122,9.30038
140.09,123,12.1222
140.106,121,9.35991
140.106,122,9.30038
140.106,123,12.1222
140.107,121,9.3606
140.107,122,9.30085
140.107,123,12.0625
140.123,121,9.3606
140.123,122,9.30085
140.123,123,12.0625
140.124,121,9.3606
140.124,122,9.30085
140.124,123,12.0625
140.125,121,9.3606
140.125,122,9.30085
140.125,123,12.0625
140.141,121,9.3606
140.141,122,9.30085
140.141,123,12.0625
140.142,121,9.35822
140.142,122,9.29871
140.142,123,12.0001
140.158,121,9.35822
140.158,122,9.29871
140.158,123,12.0001
140.159,121,9.35822
140.159,122,9.29871
140.159,123,12.0001
140.16,121,9.35822
140.16,122,9.29871
140.16,123,12.0001
140.176,121,9.35822
140.176,122,9.29871
140.176,123,12.0001
140.177,121,9.35285
140.177,122,9.29437
140.177,123,11.9356
140.193,121,9.35285
140.193,122,9.29437
140.193,123,11.9356
140.194,121,9.35285
140.194,122,9.29437
140.194,123,11.9356
140.195,121,9.35285
140.195,122,9.29437
140.195,123,11.9356
140.211,121,9.35285
140.211,122,9.29437
140.211,123,11.9356
140.212,121,9.34505
140.212,122,9.28806
140.212,123,11.8686
140.228,121,9.34505
140.228,122,9.28806
140.228,123,11.8686
140.229,121,9.34505
140.229,122,9.28806
140.229,123,11.8686
140.23,121,9.34505
140.23,122,9.28806
140.23,123,11.8686
140.246,121,9.34505
140.246,122,9.28806
140.246,123,11.8686
140.247,121,9.33536
140.247,122,9.28032
140.247,123,11.7999
140.263,121,9.33536
140.263,122,9.28032
140.263,123,11.7999
140.264,121,9.33536
140.264,122,9.28032
140.264,123,11.7999
140.265,121,9.33536
140.265,122,9.28032
140.265,123,11.7999
140.281,121,9.33536
140.281,122,9.28032
140.281,123,11.7999
140.282,121,9.32394
140.282,122,9.27117
140.282,123,11.7297
140.298,121,9.32394
140.298,122,9.27117
140.298,123,11.7297
140.299,121,9.32394
140.299,122,9.27117
140.299,123,11.7297
140.3,121,9.32394
140.3,122,9.27117
140.3,123,11.7297
140.316,121,9.32394
140.316,122,9.27117
140.316,123,11.7297
140.317,121,9.31596
140.317,122,9.2605
140.317,123,11.6585
140.333,121,9.31596
140.333,122,9.2605
140.333,123,11.6585
140.334,121,9.31596
140.334,122,9.2605
140.334,123,11.6585
140.335,121,9.31596
140.335,122,9.2605
140.335,123,11.6585
140.351,121,9.31596
140.351,122,9.2605
140.351,123,11.6585
140.352,121,9.30211
140.352,122,9.24902
140.352,123,11.5863
140.368,121,9.30211
140.368,122,9.24902
140.368,123,11.5863
140.369,121,9.30211
140.369,122,9.24902
140.369,123,11.5863
140.37,121,9.30211
140.37,122,9.24902
140.37,123,11.5863
140.386,121,9.30211
140.386,122,9.24902
140.386,123,11.5863
140.387,121,9.28803
140.387,122,9.23729
140.387,123,11.5135
140.403,121,9.28803
140.403,122,9.23729
140.403,123,11.5135
140.404,121,9.28803
140.404,122,9.23729
140.404,123,11.5135
140.405,121,9.28803
140.405,122,9.23729
140.405,123,11.5135
140.421,121,9.27354
140.421,122,9.22547
140.421,123,11.4404
140.422,121,9.27354
140.422,122,9.22547
140.422,123,11.4404
140.438,121,9.27354
140.438,122,9.22547
140.438,123,11.4404
140.439,121,9.27354
140.439,122,9.22547
140.439,123,11.4404
140.455,121,9.2592
140.455,122,9.21388
140.455,123,11.3674
140.456,121,9.2592
140.456,122,9.21388
140.456,123,11.3674
140.457,121,9.2592
140.457,122,9.21388
140.457,123,11.3674
140.473,121,9.2592
140.473,122,9.21388
140.473,123,11.3674
140.474,121,9.24966
140.474,122,9.20801
140.474,123,11.2911
140.49,121,9.24966
140.49,122,9.20801
140.49,123,11.2911
140.491,121,9.24966
140.491,122,9.20801
140.491,123,11.2911
140.507,121,9.24966
140.507,122,9.20801
140.507,123,11.2911
140.508,121,9.23715
140.508,122,9.19752
140.508,123,11.2196
140.509,121,9.23715
140.509,122,9.19752
140.509,123,11.2196
140.525,121,9.23715
140.525,122,9.19752
140.525,123,11.2196
140.526,121,9.23715
140.526,122,9.19752
140.526,123,11.2196
140.542,121,9.23715
140.542,122,9.19752
140.542,123,11.2196
140.543,121,9.22533
140.543,122,9.18685
140.543,123,11.1495
140.544,121,9.22533
140.544,122,9.18685
140.544,123,11.1495
140.56,121,9.22533
140.56,122,9.18685
140.56,123,11.1495
140.561,121,9.22533
140.561,122,9.18685
140.561,123,11.1495
140.577,121,9.22533
140.577,122,9.18685
140.577,123,11.1495
140.578,121,9.21527
140.578,122,9.18323
140.578,123,11.0814
140.579,121,9.21527
140.579,122,9.18323
140.579,123,11.0814
140.595,121,9.21527
140.595,122,9.18323
140.595,123,11.0814
140.596,121,9.21527
140.596,122,9.18323
140.596,123,11.0814
140.612,121,9.21527
140.612,122,9.18323
140.612,123,11.0814
140.613,121,9.20559
140.613,122,9.1729
140.613,123,11.0141
140.614,121,9.20559
140.614,122,9.1729
140.614,123,11.0141
140.63,121,9.20559
140.63,122,9.1729
140.63,123,11.0141
140.631,121,9.20559
140.631,122,9.1729
140.631,123,11.0141
140.647,121,9.20559
140.647,122,9.1729
140.647,123,11.0141
140.648,121,9.19579
140.648,122,9.16149
140.648,123,10.9475
140.649,121,9.19579
140.649,122,9.16149
140.649,123,10.9475
140.665,121,9.19579
140.665,122,9.16149
140.665,123,10.9475
140.666,121,9.19579
140.666,122,9.16149
140.666,123,10.9475
140.682,121,9.19579
140.682,122,9.16149
140.682,123,10.9475
140.683,121,9.18609
140.683,122,9.14892
140.683,123,10.8814
140.684,121,9.18609
140.684,122,9.14892
140.684,123,10.8814
140.7,121,9.18609
140.7,122,9.14892
140.7,123,10.8814
140.701,121,9.18609
140.701,122,9.14892
140.701,123,10.8814
140.717,121,9.18609
140.717,122,9.14892
140.717,123,10.8814
140.718,121,9.17595
140.718,122,9.13502
140.718,123,10.8153
140.719,121,9.17595
140.719,122,9.13502
140.719,123,10.8153
140.735,121,9.17595
140.735,122,9.13502
140.735,123,10.8153
140.736,121,9.17595
140.736,122,9.13502
140.736,123,10.8153
140.752,121,9.17595
140.752,122,9.13502
140.752,123,10.8153
140.753,121,9.16562
140.753,122,9.1203
140.753,123,10.7491
140.754,121,9.16562
140.754,122,9.1203
140.754,123,10.7491
140.77,121,9.16562
140.77,122,9.1203
140.77,123,10.7491
140.771,121,9.16562
140.771,122,9.1203
140.771,123,10.7491
140.787,121,9.16562
140.787,122,9.1203
140.787,123,10.7491
140.788,121,9.15515
140.788,122,9.10508
140.788,123,10.6829
140.789,121,9.15515
140.789,122,9.10508
140.789,123,10.6829
140.805,121,9.15515
140.805,122,9.10508
140.805,123,10.6829
140.806,121,9.15515
140.806,122,9.10508
140.806,123,10.6829
140.822,121,9.15515
140.822,122,9.10508
140.822,123,10.6829
140.823,121,9.14383
140.823,122,9.08855
140.823,123,10.6168
140.824,121,9.14383
140.824,122,9.08855
140.824,123,10.6168
140.84,121,9.14383
140.84,122,9.08855
140.84,123,10.6168
140.841,121,9.14383
140.841,122,9.08855
140.841,123,10.6168
140.857,121,9.14383
140.857,122,9.08855
140.857,123,10.6168
140.858,121,9.13187
140.858,122,9.0713
140.858,123,10.5504
140.859,121,9.13187
140.859,122,9.0713
140.859,123,10.5504
140.875,121,9.13187
140.875,122,9.0713
140.875,123,10.5504
140.876,121,9.13187
140.876,122,9.0713
140.876,123,10.5504
140.892,121,9.13187
140.892,122,9.0713
140.892,123,10.5504
140.893,121,9.11815
140.893,122,9.05214
140.893,123,10.483
140.894,121,9.11815
140.894,122,9.05214
140.894,123,10.483
140.91,121,9.11815
140.91,122,9.05214
140.91,123,10.483
140.911,121,9.11815
140.911,122,9.05214
140.911,123,10.483
140.927,121,9.11815
140.927,122,9.05214
140.927,123,10.483
140.928,121,9.1036
140.928,122,9.03233
140.928,123,10.4149
140.929,121,9.1036
140.929,122,9.03233
140.929,123,10.4149
140.945,121,9.1036
140.945,122,9.03233
140.945,123,10.4149
140.946,121,9.1036
140.946,122,9.03233
140.946,123,10.4149
140.962,121,9.1036
140.962,122,9.03233
140.962,123,10.4149
140.963,121,9.08829
140.963,122,9.01226
140.963,123,10.3466
140.964,121,9.08829
140.964,122,9.01226
140.964,123,10.3466
140.98,121,9.08829
140.98,122,9.01226
140.98,123,10.3466
140.981,121,9.08829
140.981,122,9.01226
140.981,123,10.3466
140.997,121,9.08829
140.997,122,9.01226
140.997,123,10.3466
140.998,121,9.07182
140.998,122,8.99094
140.998,123,10.2773
140.999,121,9.07182
140.999,122,8.99094
140.999,123,10.2773
141.015,121,9.07182
141.015,122,8.99094
141.015,123,10.2773
141.016,121,9.07182
141.016,122,8.99094
141.016,123,10.2773
141.032,121,9.07182
141.032,122,8.99094
141.032,123,10.2773
141.033,121,9.05614
141.033,122,8.97141
141.033,123,10.2086
141.034,121,9.05614
141.034,122,8.97141
141.034,123,10.2086
141.05,121,9.05614
141.05,122,8.97141
141.05,123,10.2086
141.051,121,9.05614
141.051,122,8.97141
141.051,123,10.2086
141.067,121,9.04136
141.067,122,8.95329
141.067,123,10.1406
141.068,121,9.04136
141.068,122,8.95329
141.068,123,10.1406
141.069,121,9.04136
141.069,122,8.95329
141.069,123,10.1406
141.085,121,9.04136
141.085,122,8.95329
141.085,123,10.1406
141.086,121,9.02653
141.086,122,8.9356
141.086,123,10.0731
141.102,121,9.02653
141.102,122,8.9356
141.102,123,10.0731
141.103,121,9.02653
141.103,122,8.9356
141.103,123,10.0731
141.119,121,9.02653
141.119,122,8.9356
141.119,123,10.0731
141.12,121,9.01377
141.12,122,8.92052
141.12,123,10.0073
141.121,121,9.01377
141.121,122,8.92052
141.121,123,10.0073
141.137,121,9.01377
141.137,122,8.92052
141.137,123,10.0073
141.138,121,9.01377
141.138,122,8.92052
141.138,123,10.0073
141.154,121,9.01377
141.154,122,8.92052
141.154,123,10.0073
141.155,121,9.00031
141.155,122,8.90606
141.155,123,9.94085
141.156,121,9.00031
141.156,122,8.90606
141.156,123,9.94085
141.172,121,9.00031
141.172,122,8.90606
141.172,123,9.94085
141.189,121,9.00031
141.189,122,8.90606
141.189,123,9.94085
141.19,121,8.98175
141.19,122,8.88772
141.19,123,9.86929
141.191,121,8.98175
141.191,122,8.88772
141.191,123,9.86929
141.207,121,8.98175
141.207,122,8.88772
141.207,123,9.86929
141.208,121,8.98175
141.208,122,8.88772
141.208,123,9.86929
141.224,121,8.98175
141.224,122,8.88772
141.224,123,9.86929
141.225,121,8.96268
141.225,122,8.86925
141.225,123,9.79641
141.226,121,8.96268
141.226,122,8.86925
141.226,123,9.79641
141.242,121,8.96268
141.242,122,8.86925
141.242,123,9.79641
141.243,121,8.96268
141.243,122,8.86925
141.243,123,9.79641
141.259,121,8.96268
141.259,122,8.86925
141.259,123,9.79641
141.26,121,8.94468
141.26,122,8.85229
141.26,123,9.72378
141.261,121,8.94468
141.261,122,8.85229
141.261,123,9.72378
141.277,121,8.94468
141.277,122,8.85229
141.277,123,9.72378
141.278,121,8.94468
141.278,122,8.85229
141.278,123,9.72378
141.294,121,8.94468
141.294,122,8.85229
141.294,123,9.72378
141.295,121,8.92866
141.295,122,8.83806
141.295,123,9.65233
141.296,121,8.92866
141.296,122,8.83806
141.296,123,9.65233
141.312,121,8.92866
141.312,122,8.83806
141.312,123,9.65233
141.313,121,8.92866
141.313,122,8.83806
141.313,123,9.65233
141.329,121,8.92866
141.329,122,8.83806
141.329,123,9.65233
141.33,121,8.915
141.33,122,8.82613
141.33,123,9.58268
141.331,121,8.915
141.331,122,8.82613
141.331,123,9.58268
141.347,121,8.915
141.347,122,8.82613
141.347,123,9.58268
141.348,121,8.915
141.348,122,8.82613
141.348,123,9.58268
141.364,121,8.915
141.364,122,8.82613
141.364,123,9.58268
141.365,121,8.90273
141.365,122,8.81599
141.365,123,9.51391
141.366,121,8.90273
141.366,122,8.81599
141.366,123,9.51391
141.382,121,8.90273
141.382,122,8.81599
141.382,123,9.51391
141.383,121,8.90273
141.383,122,8.81599
141.383,123,9.51391
141.399,121,8.90273
141.399,122,8.81599
141.399,123,9.51391
141.4,121,8.89258
141.4,122,8.80747
141.4,123,9.44693
141.401,121,8.89258
141.401,122,8.80747
141.401,123,9.44693
141.417,121,8.89258
141.417,122,8.80747
141.417,123,9.44693
141.418,121,8.89258
141.418,122,8.80747
141.418,123,9.44693
141.434,121,8.89258
141.434,122,8.80747
141.434,123,9.44693
141.435,121,8.88407
141.435,122,8.80093
141.435,123,9.38189
141.436,121,8.88407
141.436,122,8.80093
141.436,123,9.38189
141.452,121,8.88407
141.452,122,8.80093
141.452,123,9.38189
141.453,121,8.88407
141.453,122,8.80093
141.453,123,9.38189
141.469,121,8.88407
141.469,122,8.80093
141.469,123,9.38189
141.47,121,8.87633
141.47,122,8.79519
141.47,123,9.31731
141.471,121,8.87633
141.471,122,8.79519
141.471,123,9.31731
141.487,121,8.87633
141.487,122,8.79519
141.487,123,9.31731
141.488,121,8.87633
141.488,122,8.79519
141.488,123,9.31731
141.504,121,8.87633
141.504,122,8.79519
141.504,123,9.31731
141.505,121,8.86868
141.505,122,8.78921
141.505,123,9.25302
141.506,121,8.86868
141.506,122,8.78921
141.506,123,9.25302
141.522,121,8.86868
141.522,122,8.78921
141.522,123,9.25302
141.523,121,8.86868
141.523,122,8.78921
141.523,123,9.25302
141.539,121,8.86868
141.539,122,8.78921
141.539,123,9.25302
141.54,121,8.86193
141.54,122,8.78389
141.54,123,9.17928
141.541,121,8.86193
141.541,122,8.78389
141.541,123,9.17928
141.557,121,8.86193
141.557,122,8.78389
141.557,123,9.17928
141.558,121,8.86193
141.558,122,8.78389
141.558,123,9.17928
141.574,121,8.86193
141.574,122,8.78389
141.574,123,9.17928
141.575,121,8.87692
141.575,122,8.79983
141.575,123,9.13679
141.576,121,8.87692
141.576,122,8.79983
141.576,123,9.13679
141.592,121,8.87692
141.592,122,8.79983
141.592,123,9.13679
141.593,121,8.87692
141.593,122,8.79983
141.593,123,9.13679
141.609,121,8.87692
141.609,122,8.79983
141.609,123,9.13679
141.61,121,8.8733
141.61,122,8.7979
141.61,123,9.07266
141.611,121,8.8733
141.611,122,8.7979
141.611,123,9.07266
141.627,121,8.8733
141.627,122,8.7979
141.627,123,9.07266
141.628,121,8.8733
141.628,122,8.7979
141.628,123,9.07266
141.644,121,8.8733
141.644,122,8.7979
141.644,123,9.07266
141.645,121,8.86844
141.645,122,8.79474
141.645,123,9.00528
141.646,121,8.86844
141.646,122,8.79474
141.646,123,9.00528
141.662,121,8.86844
141.662,122,8.79474
141.662,123,9.00528
141.663,121,8.86844
141.663,122,8.79474
141.663,123,9.00528
141.679,121,8.85982
141.679,122,8.78799
141.679,123,8.93231
141.68,121,8.85982
141.68,122,8.78799
141.68,123,8.93231
141.681,121,8.85982
141.681,122,8.78799
141.681,123,8.93231
141.697,121,8.85982
141.697,122,8.78799
141.697,123,8.93231
141.698,121,8.84625
141.698,122,8.77637
141.698,123,8.85339
141.714,121,8.84625
141.714,122,8.77637
141.714,123,8.85339
141.715,121,8.84625
141.715,122,8.77637
141.715,123,8.85339
141.716,121,8.84625
141.716,122,8.77637
141.716,123,8.85339
141.732,121,8.84625
141.732,122,8.77637
141.732,123,8.85339
141.733,121,8.8326
141.733,122,8.76394
141.733,123,8.77516
141.749,121,8.8326
141.749,122,8.76394
141.749,123,8.77516
141.75,121,8.8326
141.75,122,8.76394
141.75,123,8.77516
141.751,121,8.8326
141.751,122,8.76394
141.751,123,8.77516
141.767,121,8.8326
141.767,122,8.76394
141.767,123,8.77516
141.768,121,8.82399
141.768,122,8.75646
141.768,123,8.70063
141.784,121,8.82399
141.784,122,8.75646
141.784,123,8.70063
141.785,121,8.82399
141.785,122,8.75646
141.785,123,8.70063
141.786,121,8.82399
141.786,122,8.75646
141.786,123,8.70063
141.802,121,8.82399
141.802,122,8.75646
141.802,123,8.70063
141.803,121,8.8234
141.803,122,8.75126
141.803,123,8.62716
141.819,121,8.8234
141.819,122,8.75126
141.819,123,8.62716
141.82,121,8.8234
141.82,122,8.75126
141.82,123,8.62716
141.821,121,8.8234
141.821,122,8.75126
141.821,123,8.62716
141.837,121,8.8234
141.837,122,8.75126
141.837,123,8.62716
141.838,121,8.8197
141.838,122,8.7484
141.838,123,8.55429
141.854,121,8.8197
141.854,122,8.7484
141.854,123,8.55429
141.855,121,8.8197
141.855,122,8.7484
141.855,123,8.55429
141.856,121,8.8197
141.856,122,8.7484
141.856,123,8.55429
141.872,121,8.8197
141.872,122,8.7484
141.872,123,8.55429
141.873,121,8.81741
141.873,122,8.74716
141.873,123,8.48173
141.889,121,8.81741
141.889,122,8.74716
141.889,123,8.48173
141.89,121,8.81741
141.89,122,8.74716
141.89,123,8.48173
141.891,121,8.81741
141.891,122,8.74716
141.891,123,8.48173
141.907,121,8.81741
141.907,122,8.74716
141.907,123,8.48173
141.908,121,8.81596
141.908,122,8.74731
141.908,123,8.40989
141.924,121,8.81596
141.924,122,8.74731
141.924,123,8.40989
141.925,121,8.81596
141.925,122,8.74731
141.925,123,8.40989
141.926,121,8.81596
141.926,122,8.74731
141.926,123,8.40989
141.942,121,8.81596
141.942,122,8.74731
141.942,123,8.40989
141.943,121,8.81528
141.943,122,8.74833
141.943,123,8.33831
141.959,121,8.81528
141.959,122,8.74833
141.959,123,8.33831
141.96,121,8.81528
141.96,122,8.74833
141.96,123,8.33831
141.961,121,8.81528
141.961,122,8.74833
141.961,123,8.33831
141.977,121,8.81528
141.977,122,8.74833
141.977,123,8.33831
141.978,121,8.81444
141.978,122,8.74956
141.978,123,8.26742
141.994,121,8.81444
141.994,122,8.74956
141.994,123,8.26742
141.995,121,8.81444
141.995,122,8.74956
141.995,123,8.26742
141.996,121,8.81444
141.996,122,8.74956
141.996,123,8.26742
142.012,121,8.81444
142.012,122,8.74956
142.012,123,8.26742
142.013,121,8.81303
142.013,122,8.75022
142.013,123,8.19667
142.029,121,8.81303
142.029,122,8.75022
142.029,123,8.19667
142.03,121,8.81303
142.03,122,8.75022
142.03,123,8.19667
142.031,121,8.81303
142.031,122,8.75022
142.031,123,8.19667
142.047,121,8.81303
142.047,122,8.75022
142.047,123,8.19667
142.048,121,8.81008
142.048,122,8.74963
142.048,123,8.1267
142.064,121,8.81008
142.064,122,8.74963
142.064,123,8.1267
142.065,121,8.81008
142.065,122,8.74963
142.065,123,8.1267
142.066,121,8.81008
142.066,122,8.74963
142.066,123,8.1267
142.082,121,8.81008
142.082,122,8.74963
142.082,123,8.1267
142.083,121,8.80537
142.083,122,8.7501
142.083,123,8.056
142.099,121,8.80537
142.099,122,8.7501
142.099,123,8.056
142.1,121,8.80537
142.1,122,8.7501
142.1,123,8.056
142.101,121,8.80537
142.101,122,8.7501
142.101,123,8.056
142.117,121,8.80537
142.117,122,8.7501
142.117,123,8.056
142.118,121,8.79822
142.118,122,8.74513
142.118,123,7.98529
142.134,121,8.79822
142.134,122,8.74513
142.134,123,7.98529
142.135,121,8.79822
142.135,122,8.74513
142.135,123,7.98529
142.136,121,8.79822
142.136,122,8.74513
142.136,123,7.98529
142.152,121,8.79822
142.152,122,8.74513
142.152,123,7.98529
142.153,121,8.78896
142.153,122,8.73813
142.153,123,7.9131
142.169,121,8.78896
142.169,122,8.73813
142.169,123,7.9131
142.17,121,8.78896
142.17,122,8.73813
142.17,123,7.9131
142.171,121,8.78896
142.171,122,8.73813
142.171,123,7.9131
142.187,121,8.78896
142.187,122,8.73813
142.187,123,7.9131
142.188,121,8.77656
142.188,122,8.72794
142.188,123,7.84093
142.204,121,8.77656
142.204,122,8.72794
142.204,123,7.84093
142.205,121,8.77656
142.205,122,8.72794
142.205,123,7.84093
142.206,121,8.77656
142.206,122,8.72794
142.206,123,7.84093
142.222,121,8.77656
142.222,122,8.72794
142.222,123,7.84093
142.223,121,8.76026
142.223,122,8.71369
142.223,123,7.76796
142.239,121,8.76026
142.239,122,8.71369
142.239,123,7.76796
142.24,121,8.76026
142.24,122,8.71369
142.24,123,7.76796
142.241,121,8.76026
142.241,122,8.71369
142.241,123,7.76796
142.257,121,8.74105
142.257,122,8.69676
142.257,123,7.6943
142.258,121,8.74105
142.258,122,8.69676
142.258,123,7.6943
142.274,121,8.74105
142.274,122,8.69676
142.274,123,7.6943
142.275,121,8.74105
142.275,122,8.69676
142.275,123,7.6943
142.291,121,8.71799
142.291,122,8.67622
142.291,123,7.62126
142.292,121,8.71799
142.292,122,8.67622
142.292,123,7.62126
142.293,121,8.71799
142.293,122,8.67622
142.293,123,7.62126
142.309,121,8.71799
142.309,122,8.67622
142.309,123,7.62126
142.31,123,7.54835
142.326,123,7.54835
142.327,123,7.54835
142.343,123,7.54835
142.344,123,7.47456
142.345,123,7.47456
142.361,123,7.47456
142.362,123,7.47456
142.378,123,7.47456
142.379,123,7.40033
142.38,123,7.40033
142.396,123,7.40033
142.397,123,7.40033
142.413,123,7.40033
142.414,123,7.3253
142.415,123,7.3253
142.431,123,7.3253
142.432,123,7.3253
142.448,123,7.3253
142.449,123,7.2498
142.45,123,7.2498
142.466,123,7.2498
142.467,123,7.2498
142.483,123,7.2498
142.484,123,7.1738
142.485,123,7.1738
142.501,123,7.1738
142.502,123,7.1738
142.518,123,7.1738
142.519,123,7.09748
142.52,123,7.09748
142.536,123,7.09748
142.537,123,7.09748
142.553,123,7.09748
142.554,123,7.0207
142.57,123,7.0207
142.571,123,7.0207
142.572,123,7.0207
142.588,123,7.0207
142.589,123,6.94367
142.605,123,6.94367
142.606,123,6.94367
142.607,123,6.94367
142.623,123,6.94367
142.624,123,6.86671
142.64,123,6.86671
142.641,123,6.86671
142.642,123,6.86671
142.658,123,6.86671
142.659,123,6.78967
142.675,123,6.78967
142.676,123,6.78967
142.677,123,6.78967
142.693,123,6.78967
142.694,123,6.71016
142.71,123,6.71016
142.711,123,6.71016
142.712,123,6.71016
142.728,123,6.71016
142.729,123,6.63299
142.745,123,6.63299
142.746,123,6.63299
142.747,123,6.63299
142.763,123,6.63299
142.764,123,6.55621
142.78,123,6.55621
142.781,123,6.55621
142.782,123,6.55621
142.798,123,6.55621
142.799,123,6.47998
142.815,123,6.47998
142.816,123,6.47998
142.817,123,6.47998
142.833,123,6.47998
142.834,123,6.40387
142.85,123,6.40387
142.851,123,6.40387
142.852,123,6.40387
142.868,123,6.40387
142.869,123,6.3285
142.885,123,6.3285
142.886,123,6.3285
142.887,123,6.3285
142.903,123,6.24717
142.904,123,6.24717
142.92,123,6.24717
142.921,123,6.24717
142.922,123,6.17232
142.938,123,6.17232
142.939,123,6.17232
142.955,123,6.17232
142.956,123,6.09817
142.957,123,6.09817
142.973,123,6.09817
142.974,123,6.09817
142.99,123,6.09817
142.991,123,6.02466
142.992,123,6.02466
143.008,123,6.02466
143.009,123,6.02466
143.025,123,6.02466
143.026,123,5.95135
143.027,123,5.95135
143.043,123,5.95135
143.044,123,5.95135
143.06,123,5.95135
143.061,123,5.87867
143.062,123,5.87867
143.078,123,5.87867
143.079,123,5.87867
143.095,123,5.87867
143.096,123,5.8067
143.097,123,5.8067
143.113,123,5.8067
143.114,123,5.8067
143.13,123,5.8067
143.131,123,5.73473
143.132,123,5.73473
143.148,123,5.73473
143.149,123,5.73473
143.165,123,5.73473
143.166,123,5.66349
143.167,123,5.66349
143.183,123,5.66349
143.184,123,5.66349
143.2,123,5.66349
143.201,123,5.59259
143.202,123,5.59259
143.218,123,5.59259
143.219,123,5.59259
143.235,123,5.59259
143.236,123,5.52177
143.237,123,5.52177
143.253,123,5.52177
143.254,123,5.52177
143.27,123,5.52177
143.271,123,5.45071
143.272,123,5.45071
143.288,123,5.45071
143.289,123,5.45071
143.305,123,5.45071
143.306,123,5.38014
143.307,123,5.38014
143.323,123,5.38014
143.324,123,5.38014
143.34,123,5.38014
143.341,123,5.30986
143.342,123,5.30986
143.358,123,5.30986
143.359,123,5.30986
143.375,123,5.30986
143.376,123,5.23949
143.377,123,5.23949
143.393,123,5.23949
143.394,123,5.23949
143.41,123,5.23949
143.411,123,5.16956
143.412,123,5.16956
143.428,123,5.16956
143.429,123,5.16956
143.445,123,5.16956
143.446,123,5.09936
143.447,123,5.09936
143.463,123,5.09936
143.464,123,5.09936
143.48,123,5.09936
143.482,123,5.02962
143.498,123,5.02962
143.499,123,5.02962
143.515,123,4.9596
143.516,123,4.9596
143.517,123,4.9596
143.533,123,4.9596
143.534,123,4.89012
143.55,123,4.89012
143.551,123,4.89012
143.567,123,4.89012
143.568,123,4.81991
143.569,123,4.81991
143.585,123,4.81991
143.586,123,4.81991
143.602,123,4.81991
143.603,123,4.7496
143.604,123,4.7496
143.62,123,4.7496
143.621,123,4.7496
143.637,123,4.7496
143.638,123,4.6796
143.639,123,4.6796
143.655,123,4.6796
143.656,123,4.6796
143.672,123,4.6796
143.673,123,4.60999
143.674,123,4.60999
143.69,123,4.60999
143.691,123,4.60999
143.707,123,4.60999
143.708,123,4.53977
143.709,123,4.53977
143.725,123,4.53977
143.726,123,4.53977
143.742,123,4.53977
143.743,123,4.46947
143.744,123,4.46947
143.76,123,4.46947
143.761,123,4.46947
143.777,123,4.46947
143.778,123,4.39884
143.779,123,4.39884
143.795,123,4.39884
143.796,123,4.39884
143.812,123,4.39884
143.813,123,4.32304
143.814,123,4.32304
143.83,123,4.32304
143.831,123,4.32304
143.847,123,4.32304
143.848,123,4.25165
143.849,123,4.25165
143.865,123,4.25165
143.866,123,4.25165
143.882,123,4.25165
143.883,123,4.18038
143.884,123,4.18038
143.9,123,4.18038
143.901,123,4.18038
143.917,123,4.18038
143.918,123,4.10913
143.919,123,4.10913
143.935,123,4.10913
143.936,123,4.10913
143.952,123,4.10913
143.953,123,4.03793
143.954,123,4.03793
143.97,123,4.03793
143.971,123,4.03793
143.987,123,4.03793
143.988,123,3.96687
143.989,123,3.96687
144.005,123,3.96687
144.006,123,3.96687
144.022,123,3.96687
144.023,123,3.89631
144.024,123,3.89631
144.04,123,3.89631
144.041,123,3.89631
144.057,123,3.89631
144.058,123,3.82582
144.059,123,3.82582
144.075,123,3.82582
144.076,123,3.82582
144.092,123,3.82582
144.093,123,3.75533
144.094,123,3.75533
144.11,123,3.75533
144.111,123,3.75533
144.127,123,3.68445
144.128,123,3.68445
144.129,123,3.68445
144.145,123,3.68445
144.146,123,3.6136
144.162,123,3.6136
144.163,123,3.6136
144.164,123,3.6136
144.18,123,3.6136
144.181,123,3.54321
144.197,123,3.54321
144.198,123,3.54321
144.199,123,3.54321
144.215,123,3.54321
144.216,123,3.47268
144.232,123,3.47268
144.233,123,3.47268
144.234,123,3.47268
144.25,123,3.47268
144.251,123,3.40271
144.267,123,3.40271
144.268,123,3.40271
144.269,123,3.40271
144.285,123,3.40271
144.286,123,3.32217
144.302,123,3.32217
144.303,123,3.32217
144.304,123,3.32217
144.32,123,3.32217
144.321,123,3.25234
144.337,123,3.25234
144.338,123,3.25234
144.339,123,3.25234
144.355,123,3.25234
144.356,123,3.18299
144.372,123,3.18299
144.373,123,3.18299
144.374,123,3.18299
144.39,123,3.18299
144.391,123,3.11423
144.407,123,3.11423
144.408,123,3.11423
144.409,123,3.11423
144.425,123,3.11423
144.426,123,3.04662
144.442,123,3.04662
144.443,123,3.04662
144.444,123,3.04662
144.46,123,3.04662
144.461,123,2.98011
144.477,123,2.98011
144.478,123,2.98011
144.479,123,2.98011
144.495,123,2.98011
144.496,123,2.91413
144.512,123,2.91413
144.513,123,2.91413
144.514,123,2.91413
144.53,123,2.91413
144.531,123,2.84903
144.547,123,2.84903
144.548,123,2.84903
144.549,123,2.84903
144.565,123,2.84903
144.566,123,2.78509
144.582,123,2.78509
144.583,123,2.78509
144.584,123,2.78509
144.6,123,2.78509
144.601,123,2.72179
144.617,123,2.72179
144.618,123,2.72179
144.634,123,2.72179
144.635,123,2.65892
144.636,123,2.65892
144.652,123,2.65892
144.653,123,2.65892
144.669,123,2.65892
144.67,123,2.59678
144.671,123,2.59678
144.687,123,2.59678
144.688,123,2.59678
144.704,123,2.59678
144.705,123,2.53574
144.706,123,2.53574
144.722,123,2.53574
144.723,123,2.53574
144.739,123,2.47604
144.74,123,2.47604
144.741,123,2.47604
144.757,123,2.47604
144.758,123,2.41704
144.774,123,2.41704
144.775,123,2.41704
144.776,123,2.41704
144.792,123,2.41704
144.793,123,2.35957
144.809,123,2.35957
144.81,123,2.35957
144.811,123,2.35957
144.827,123,2.35957
144.844,123,2.30277
144.846,123,2.30277
144.862,123,2.30277
144.863,123,2.2478
144.879,123,2.2478
144.88,123,2.2478
144.881,123,2.2478
144.897,123,2.2478
144.898,123,2.19337
144.914,123,2.19337
144.915,123,2.19337
144.916,123,2.19337
144.932,123,2.19337
144.933,123,2.12777
144.949,123,2.12777
144.95,123,2.12777
144.951,123,2.12777
144.967,123,2.12777
144.968,123,2.07372
144.984,123,2.07372
144.985,123,2.07372
144.986,123,2.07372
145.002,123,2.07372
145.003,123,2.02116
145.019,123,2.02116
145.02,123,2.02116
145.021,123,2.02116
145.037,123,2.02116
145.038,123,1.97234
145.054,123,1.97234
145.055,123,1.97234
145.056,123,1.97234
145.072,123,1.97234
145.073,123,1.9245
145.089,123,1.9245
145.09,123,1.9245
145.091,123,1.9245
145.107,123,1.9245
145.108,123,1.87819
145.124,123,1.87819
145.125,123,1.87819
145.126,123,1.87819
145.142,123,1.87819
145.143,123,1.83378
145.143,125,6.47837
145.159,123,1.83378
145.159,125,6.47837
145.16,123,1.83378
145.16,125,6.47837
145.161,123,1.83378
145.161,125,6.47837
145.177,123,1.83378
145.177,125,6.47837
145.178,123,1.79143
145.178,125,6.42039
145.194,123,1.79143
145.194,125,6.42039
145.195,123,1.79143
145.195,125,6.42039
145.196,123,1.79143
145.196,125,6.42039
145.212,123,1.79143
145.212,125,6.42039
145.213,123,1.75014
145.213,125,6.35831
145.229,123,1.75014
145.229,125,6.35831
145.23,123,1.75014
145.23,125,6.35831
145.231,123,1.75014
145.231,125,6.35831
145.247,123,1.75014
145.247,125,6.35831
145.248,123,1.71098
145.248,125,6.29269
145.264,123,1.71098
145.264,125,6.29269
145.265,123,1.71098
145.265,125,6.29269
145.266,123,1.71098
145.266,125,6.29269
145.282,123,1.71098
145.282,125,6.29269
145.283,123,1.6731
145.283,125,6.22383
145.299,123,1.6731
145.299,125,6.22383
145.3,123,1.6731
145.3,125,6.22383
145.301,123,1.6731
145.301,125,6.22383
145.317,123,1.63784
145.317,125,6.15233
145.318,123,1.63784
145.318,125,6.15233
145.334,123,1.63784
145.334,125,6.15233
145.335,123,1.63784
145.335,125,6.15233
145.336,123,1.60447
145.336,125,6.07837
145.352,123,1.60447
145.352,125,6.07837
145.353,123,1.60447
145.353,125,6.07837
145.369,123,1.60447
145.369,125,6.07837
145.37,123,1.57633
145.37,125,6.0026
145.371,123,1.57633
145.371,125,6.0026
145.387,123,1.57633
145.387,125,6.0026
145.388,123,1.57633
145.388,125,6.0026
145.404,123,1.57633
145.404,125,6.0026
145.405,123,1.55092
145.405,125,5.92545
145.406,123,1.55092
145.406,125,5.92545
145.422,123,1.55092
145.422,125,5.92545
145.423,123,1.55092
145.423,125,5.92545
145.439,123,1.55092
145.439,125,5.92545
145.44,123,1.5278
145.44,125,5.84689
145.441,123,1.5278
145.441,125,5.84689
145.457,123,1.5278
145.457,125,5.84689
145.458,123,1.5278
145.458,125,5.84689
145.474,123,1.5278
145.474,125,5.84689
145.475,123,1.50949
145.475,125,5.76747
145.476,123,1.50949
145.476,125,5.76747
145.492,123,1.50949
145.492,125,5.76747
145.493,123,1.50949
145.493,125,5.76747
145.509,123,1.50949
145.509,125,5.76747
145.51,123,1.49241
145.51,125,5.68711
145.511,123,1.49241
145.511,125,5.68711
145.527,123,1.49241
145.527,125,5.68711
145.528,123,1.49241
145.528,125,5.68711
145.544,123,1.49241
145.544,125,5.68711
145.545,123,1.47719
145.545,125,5.60639
145.546,123,1.47719
145.546,125,5.60639
145.562,123,1.47719
145.562,125,5.60639
145.563,123,1.47719
145.563,125,5.60639
145.579,123,1.47719
145.579,125,5.60639
145.58,123,1.46709
145.58,125,5.52576
145.581,123,1.46709
145.581,125,5.52576
145.597,123,1.46709
145.597,125,5.52576
145.598,123,1.46709
145.598,125,5.52576
145.614,123,1.46709
145.614,125,5.52576
145.615,123,1.43806
145.615,125,5.43972
145.616,123,1.43806
145.616,125,5.43972
145.632,123,1.43806
145.632,125,5.43972
145.633,123,1.43806
145.633,125,5.43972
145.649,123,1.43806
145.649,125,5.43972
145.65,123,1.43358
145.65,125,5.36002
145.651,123,1.43358
145.651,125,5.36002
145.667,123,1.43358
145.667,125,5.36002
145.668,123,1.43358
145.668,125,5.36002
145.684,123,1.43358
145.684,125,5.36002
145.685,123,1.43193
145.685,125,5.28193
145.686,123,1.43193
145.686,125,5.28193
145.702,123,1.43193
145.702,125,5.28193
145.703,123,1.43193
145.703,125,5.28193
145.719,123,1.43193
145.719,125,5.28193
145.72,123,1.43449
145.72,125,5.20565
145.721,123,1.43449
145.721,125,5.20565
145.737,123,1.43449
145.737,125,5.20565
145.738,123,1.43449
145.738,125,5.20565
145.754,123,1.43449
145.754,125,5.20565
145.755,123,1.43956
145.755,125,5.12947
145.756,123,1.43956
145.756,125,5.12947
145.772,123,1.43956
145.772,125,5.12947
145.773,123,1.43956
145.773,125,5.12947
145.789,123,1.43956
145.789,125,5.12947
145.79,123,1.44623
145.79,125,5.05332
145.791,123,1.44623
145.791,125,5.05332
145.807,123,1.44623
145.807,125,5.05332
145.808,123,1.44623
145.808,125,5.05332
145.824,123,1.44623
145.824,125,5.05332
145.825,123,1.45527
145.825,125,4.97731
145.841,123,1.45527
145.841,125,4.97731
145.842,123,1.45527
145.842,125,4.97731
145.843,123,1.45527
145.843,125,4.97731
145.859,123,1.45527
145.859,125,4.97731
145.86,123,1.46877
145.86,125,4.90131
145.876,123,1.46877
145.876,125,4.90131
145.877,123,1.46877
145.877,125,4.90131
145.878,123,1.46877
145.878,125,4.90131
145.894,123,1.46877
145.894,125,4.90131
145.895,123,1.48447
145.895,125,4.82522
145.911,123,1.48447
145.911,125,4.82522
145.912,123,1.48447
145.912,125,4.82522
145.913,123,1.48447
145.913,125,4.82522
145.929,123,1.50289
145.929,125,4.74875
145.93,123,1.50289
145.93,125,4.74875
145.931,123,1.50289
145.931,125,4.74875
145.947,123,1.50289
145.947,125,4.74875
145.948,123,1.52357
145.948,125,4.67222
145.949,123,1.52357
145.949,125,4.67222
145.965,123,1.52357
145.965,125,4.67222
145.966,123,1.52357
145.966,125,4.67222
145.982,123,1.52357
145.982,125,4.67222
145.983,123,1.54718
145.983,125,4.59534
145.984,123,1.54718
145.984,125,4.59534
146,123,1.54718
146,125,4.59534
146.001,123,1.54718
146.001,125,4.59534
146.017,123,1.54718
146.017,125,4.59534
146.018,123,1.57207
146.018,125,4.51819
146.019,123,1.57207
146.019,125,4.51819
146.035,123,1.57207
146.035,125,4.51819
146.036,123,1.57207
146.036,125,4.51819
146.052,123,1.57207
146.052,125,4.51819
146.053,123,1.58072
146.053,125,4.43779
146.054,123,1.58072
146.054,125,4.43779
146.07,123,1.58072
146.07,125,4.43779
146.071,123,1.58072
146.071,125,4.43779
146.087,123,1.58072
146.087,125,4.43779
146.088,123,1.61222
146.088,125,4.36033
146.089,123,1.61222
146.089,125,4.36033
146.105,123,1.61222
146.105,125,4.36033
146.106,123,1.61222
146.106,125,4.36033
146.122,123,1.61222
146.122,125,4.36033
146.123,123,1.64665
146.123,125,4.28267
146.124,123,1.64665
146.124,125,4.28267
146.14,123,1.64665
146.14,125,4.28267
146.141,123,1.64665
146.141,125,4.28267
146.157,123,1.64665
146.157,125,4.28267
146.158,123,1.68642
146.158,125,4.20541
146.159,123,1.68642
146.159,125,4.20541
146.175,123,1.68642
146.175,125,4.20541
146.176,123,1.68642
146.176,125,4.20541
146.192,123,1.68642
146.192,125,4.20541
146.193,123,1.7291
146.193,125,4.12766
146.194,123,1.7291
146.194,125,4.12766
146.21,123,1.7291
146.21,125,4.12766
146.211,123,1.7291
146.211,125,4.12766
146.227,123,1.7291
146.227,125,4.12766
146.228,123,1.77573
146.228,125,4.05016
146.229,123,1.77573
146.229,125,4.05016
146.245,123,1.77573
146.245,125,4.05016
146.246,123,1.77573
146.246,125,4.05016
146.262,123,1.77573
146.262,125,4.05016
146.263,123,1.82535
146.263,125,3.97201
146.264,123,1.82535
146.264,125,3.97201
146.28,123,1.82535
146.28,125,3.97201
146.281,123,1.82535
146.281,125,3.97201
146.297,123,1.82535
146.297,125,3.97201
146.298,123,1.87885
146.298,125,3.89357
146.299,123,1.87885
146.299,125,3.89357
146.315,123,1.87885
146.315,125,3.89357
146.316,123,1.87885
146.316,125,3.89357
146.332,123,1.87885
146.332,125,3.89357
146.333,123,1.93445
146.333,125,3.81518
146.349,123,1.93445
146.349,125,3.81518
146.35,123,1.93445
146.35,125,3.81518
146.351,123,1.93445
146.351,125,3.81518
146.367,123,1.93445
146.367,125,3.81518
146.368,123,1.99175
146.368,125,3.73593
146.384,123,1.99175
146.384,125,3.73593
146.385,123,1.99175
146.385,125,3.73593
146.386,123,1.99175
146.386,125,3.73593
146.402,123,1.99175
146.402,125,3.73593
146.403,123,2.05004
146.403,125,3.65621
146.419,123,2.05004
146.419,125,3.65621
146.42,123,2.05004
146.42,125,3.65621
146.421,123,2.05004
146.421,125,3.65621
146.437,123,2.05004
146.437,125,3.65621
146.438,123,2.11115
146.438,125,3.57585
146.454,123,2.11115
146.454,125,3.57585
146.455,123,2.11115
146.455,125,3.57585
146.456,123,2.11115
146.456,125,3.57585
146.472,123,2.11115
146.472,125,3.57585
146.473,123,2.17352
146.473,125,3.49492
146.489,123,2.17352
146.489,125,3.49492
146.49,123,2.17352
146.49,125,3.49492
146.491,123,2.17352
146.491,125,3.49492
146.507,123,2.2377
146.507,125,3.41395
146.508,123,2.2377
146.508,125,3.41395
146.524,123,2.2377
146.524,125,3.41395
146.525,123,2.2377
146.525,125,3.41395
146.526,123,2.30289
146.526,125,3.33257
146.542,123,2.30289
146.542,125,3.33257
146.543,123,2.30289
146.543,125,3.33257
146.559,123,2.30289
146.559,125,3.33257
146.56,123,2.3685
146.56,125,3.25126
146.561,123,2.3685
146.561,125,3.25126
146.577,123,2.3685
146.577,125,3.25126
146.578,123,2.3685
146.578,125,3.25126
146.594,123,2.3685
146.594,125,3.25126
146.595,123,2.43525
146.595,125,3.17023
146.596,123,2.43525
146.596,125,3.17023
146.612,123,2.43525
146.612,125,3.17023
146.613,123,2.43525
146.613,125,3.17023
146.629,123,2.43525
146.629,125,3.17023
146.63,123,2.50134
146.63,125,3.08898
146.631,123,2.50134
146.631,125,3.08898
146.647,123,2.50134
146.647,125,3.08898
146.648,123,2.50134
146.648,125,3.08898
146.664,123,2.50134
146.664,125,3.08898
146.665,123,2.56684
146.665,125,3.0077
146.666,123,2.56684
146.666,125,3.0077
146.682,123,2.56684
146.682,125,3.0077
146.683,123,2.56684
146.683,125,3.0077
146.699,123,2.56684
146.699,125,3.0077
146.7,123,2.63279
146.7,125,2.92709
146.701,123,2.63279
146.701,125,2.92709
146.717,123,2.63279
146.717,125,2.92709
146.718,123,2.63279
146.718,125,2.92709
146.734,123,2.63279
146.734,125,2.92709
146.735,123,2.69956
146.735,125,2.84688
146.736,123,2.69956
146.736,125,2.84688
146.752,123,2.69956
146.752,125,2.84688
146.753,123,2.69956
146.753,125,2.84688
146.769,123,2.69956
146.769,125,2.84688
146.77,123,2.76584
146.77,125,2.75742
146.771,123,2.76584
146.771,125,2.75742
146.787,123,2.76584
146.787,125,2.75742
146.788,123,2.76584
146.788,125,2.75742
146.804,123,2.76584
146.804,125,2.75742
146.805,123,2.83198
146.805,125,2.67782
146.806,123,2.83198
146.806,125,2.67782
146.822,123,2.83198
146.822,125,2.67782
146.823,123,2.83198
146.823,125,2.67782
146.839,123,2.83198
146.839,125,2.67782
146.84,123,2.89719
146.84,125,2.59988
146.841,123,2.89719
146.841,125,2.59988
146.857,123,2.89719
146.857,125,2.59988
146.858,123,2.89719
146.858,125,2.59988
146.874,123,2.89719
146.874,125,2.59988
146.875,123,2.96163
146.875,125,2.52337
146.876,123,2.96163
146.876,125,2.52337
146.892,123,2.96163
146.892,125,2.52337
146.893,123,2.96163
146.893,125,2.52337
146.909,123,2.96163
146.909,125,2.52337
146.91,123,3.02563
146.91,125,2.44758
146.911,123,3.02563
146.911,125,2.44758
146.927,123,3.02563
146.927,125,2.44758
146.928,123,3.02563
146.928,125,2.44758
146.944,123,3.02563
146.944,125,2.44758
146.945,123,3.08945
146.945,125,2.37285
146.946,123,3.08945
146.946,125,2.37285
146.962,123,3.08945
146.962,125,2.37285
146.963,123,3.08945
146.963,125,2.37285
146.979,123,3.08945
146.979,125,2.37285
146.98,123,3.15277
146.98,125,2.29851
146.981,123,3.15277
146.981,125,2.29851
146.997,123,3.15277
146.997,125,2.29851
146.998,123,3.15277
146.998,125,2.29851
147.014,123,3.15277
147.014,125,2.29851
147.015,123,3.20919
147.015,125,2.22566
147.016,123,3.20919
147.016,125,2.22566
147.032,123,3.20919
147.032,125,2.22566
147.033,123,3.20919
147.033,125,2.22566
147.049,123,3.20919
147.049,125,2.22566
147.05,123,3.2733
147.05,125,2.15319
147.051,123,3.2733
147.051,125,2.15319
147.067,123,3.2733
147.067,125,2.15319
147.068,123,3.2733
147.068,125,2.15319
147.084,123,3.2733
147.084,125,2.15319
147.085,123,3.33733
147.085,125,2.08197
147.086,123,3.33733
147.086,125,2.08197
147.102,123,3.33733
147.102,125,2.08197
147.103,123,3.33733
147.103,125,2.08197
147.119,123,3.40183
147.119,125,2.01116
147.12,123,3.40183
147.12,125,2.01116
147.121,123,3.40183
147.121,125,2.01116
147.137,123,3.40183
147.137,125,2.01116
147.138,123,3.46691
147.138,125,1.94162
147.154,123,3.46691
147.154,125,1.94162
147.155,123,3.46691
147.155,125,1.94162
147.156,123,3.46691
147.156,125,1.94162
147.172,123,3.46691
147.172,125,1.94162
147.173,123,3.5318
147.173,125,1.87255
147.189,123,3.5318
147.189,125,1.87255
147.19,123,3.5318
147.19,125,1.87255
147.191,123,3.5318
147.191,125,1.87255
147.207,123,3.5318
147.207,125,1.87255
147.208,123,3.58501
147.208,125,1.79777
147.224,123,3.58501
147.224,125,1.79777
147.225,123,3.58501
147.225,125,1.79777
147.226,123,3.58501
147.226,125,1.79777
147.242,123,3.58501
147.242,125,1.79777
147.243,123,3.6501
147.243,125,1.7309
147.259,123,3.6501
147.259,125,1.7309
147.26,123,3.6501
147.26,125,1.7309
147.261,123,3.6501
147.261,125,1.7309
147.277,123,3.6501
147.277,125,1.7309
147.278,123,3.71653
147.278,125,1.66654
147.294,123,3.71653
147.294,125,1.66654
147.295,123,3.71653
147.295,125,1.66654
147.296,123,3.71653
147.296,125,1.66654
147.312,123,3.71653
147.312,125,1.66654
147.313,123,3.78389
147.313,125,1.60402
147.329,123,3.78389
147.329,125,1.60402
147.33,123,3.78389
147.33,125,1.60402
147.346,123,3.78389
147.346,125,1.60402
147.347,123,3.85136
147.347,125,1.54359
147.348,123,3.85136
147.348,125,1.54359
147.364,123,3.85136
147.364,125,1.54359
147.365,123,3.85136
147.365,125,1.54359
147.381,123,3.85136
147.381,125,1.54359
147.382,123,3.91934
147.382,125,1.48417
147.383,123,3.91934
147.383,125,1.48417
147.399,123,3.91934
147.399,125,1.48417
147.4,123,3.91934
147.4,125,1.48417
147.416,123,3.91934
147.416,125,1.48417
147.417,123,3.98729
147.417,125,1.42608
147.417,126,6.19499
147.417,127,6.63956
147.418,123,3.98729
147.418,125,1.42608
147.418,126,6.19499
147.418,127,6.63956
147.434,123,3.98729
147.434,125,1.42608
147.434,126,6.19499
147.434,127,6.63956
147.435,123,3.98729
147.435,125,1.42608
147.435,126,6.19499
147.435,127,6.63956
147.451,123,3.98729
147.451,125,1.42608
147.451,126,6.19499
147.451,127,6.63956
147.452,123,4.05571
147.452,125,1.37243
147.452,126,6.13908
147.452,127,6.58618
147.453,123,4.05571
147.453,125,1.37243
147.453,126,6.13908
147.453,127,6.58618
147.469,123,4.05571
147.469,125,1.37243
147.469,126,6.13908
147.469,127,6.58618
147.47,123,4.05571
147.47,125,1.37243
147.47,126,6.13908
147.47,127,6.58618
147.486,123,4.05571
147.486,125,1.37243
147.486,126,6.13908
147.486,127,6.58618
147.487,123,4.12383
147.487,125,1.32146
147.487,126,6.08049
147.487,127,6.53046
147.488,123,4.12383
147.488,125,1.32146
147.488,126,6.08049
147.488,127,6.53046
147.504,123,4.12383
147.504,125,1.32146
147.504,126,6.08049
147.504,127,6.53046
147.505,123,4.12383
147.505,125,1.32146
147.505,126,6.08049
147.505,127,6.53046
147.521,123,4.12383
147.521,125,1.32146
147.521,126,6.08049
147.521,127,6.53046
147.522,123,4.19254
147.522,125,1.27361
147.522,126,6.01894
147.522,127,6.47196
147.523,123,4.19254
147.523,125,1.27361
147.523,126,6.01894
147.523,127,6.47196
147.539,123,4.19254
147.539,125,1.27361
147.539,126,6.01894
147.539,127,6.47196
147.54,123,4.19254
147.54,125,1.27361
147.54,126,6.01894
147.54,127,6.47196
147.556,123,4.19254
147.556,125,1.27361
147.556,126,6.01894
147.556,127,6.47196
147.557,123,4.26085
147.557,125,1.22894
147.557,126,5.95539
147.557,127,6.41181
147.558,123,4.26085
147.558,125,1.22894
147.558,126,5.95539
147.558,127,6.41181
147.574,123,4.26085
147.574,125,1.22894
147.574,126,5.95539
147.574,127,6.41181
147.575,123,4.26085
147.575,125,1.22894
147.575,126,5.95539
147.575,127,6.41181
147.591,123,4.26085
147.591,125,1.22894
147.591,126,5.95539
147.591,127,6.41181
147.592,123,4.32933
147.592,125,1.18709
147.592,126,5.88938
147.592,127,6.34928
147.593,123,4.32933
147.593,125,1.18709
147.593,126,5.88938
147.593,127,6.34928
147.609,123,4.32933
147.609,125,1.18709
147.609,126,5.88938
147.609,127,6.34928
147.61,123,4.32933
147.61,125,1.18709
147.61,126,5.88938
147.61,127,6.34928
147.626,123,4.32933
147.626,125,1.18709
147.626,126,5.88938
147.626,127,6.34928
147.627,123,4.39783
147.627,125,1.14821
147.627,126,5.82158
147.627,127,6.28516
147.628,123,4.39783
147.628,125,1.14821
147.628,126,5.82158
147.628,127,6.28516
147.644,123,4.39783
147.644,125,1.14821
147.644,126,5.82158
147.644,127,6.28516
147.645,123,4.39783
147.645,125,1.14821
147.645,126,5.82158
147.645,127,6.28516
147.661,123,4.39783
147.661,125,1.14821
147.661,126,5.82158
147.661,127,6.28516
147.662,123,4.46714
147.662,125,1.11275
147.662,126,5.75171
147.662,127,6.21902
147.663,123,4.46714
147.663,125,1.11275
147.663,126,5.75171
147.663,127,6.21902
147.679,123,4.46714
147.679,125,1.11275
147.679,126,5.75171
147.679,127,6.21902
147.68,123,4.46714
147.68,125,1.11275
147.68,126,5.75171
147.68,127,6.21902
147.696,123,4.46714
147.696,125,1.11275
147.696,126,5.75171
147.696,127,6.21902
147.697,123,4.53639
147.697,125,1.08068
147.697,126,5.68032
147.697,127,6.15142
147.698,123,4.53639
147.698,125,1.08068
147.698,126,5.68032
147.698,127,6.15142
147.714,123,4.53639
147.714,125,1.08068
147.714,126,5.68032
147.714,127,6.15142
147.715,123,4.53639
147.715,125,1.08068
147.715,126,5.68032
147.715,127,6.15142
147.731,123,4.60512
147.731,125,1.05125
147.731,126,5.60848
147.731,127,6.08366
147.732,123,4.60512
147.732,125,1.05125
147.732,126,5.60848
147.732,127,6.08366
147.733,123,4.60512
147.733,125,1.05125
147.733,126,5.60848
147.733,127,6.08366
147.749,123,4.60512
147.749,125,1.05125
147.749,126,5.60848
147.749,127,6.08366
147.75,123,4.67501
147.75,125,1.02639
147.75,126,5.53528
147.75,127,6.01451
147.766,123,4.67501
147.766,125,1.02639
147.766,126,5.53528
147.766,127,6.01451
147.767,123,4.67501
147.767,125,1.02639
147.767,126,5.53528
147.767,127,6.01451
147.768,123,4.67501
147.768,125,1.02639
147.768,126,5.53528
147.768,127,6.01451
147.784,123,4.67501
147.784,125,1.02639
147.784,126,5.53528
147.784,127,6.01451
147.785,123,4.74404
147.785,125,1.00436
147.785,126,5.46325
147.785,127,5.94709
147.801,123,4.74404
147.801,125,1.00436
147.801,126,5.46325
147.801,127,5.94709
147.802,123,4.74404
147.802,125,1.00436
147.802,126,5.46325
147.802,127,5.94709
147.803,123,4.74404
147.803,125,1.00436
147.803,126,5.46325
147.803,127,5.94709
147.819,123,4.74404
147.819,125,1.00436
147.819,126,5.46325
147.819,127,5.94709
147.82,123,4.81249
147.82,125,0.984817
147.82,126,5.39206
147.82,127,5.88084
147.836,123,4.81249
147.836,125,0.984817
147.836,126,5.39206
147.836,127,5.88084
147.837,123,4.81249
147.837,125,0.984817
147.837,126,5.39206
147.837,127,5.88084
147.838,123,4.81249
147.838,125,0.984817
147.838,126,5.39206
147.838,127,5.88084
147.854,123,4.81249
147.854,125,0.984817
147.854,126,5.39206
147.854,127,5.88084
147.855,123,4.88207
147.855,125,0.970135
147.855,126,5.32082
147.855,127,5.81465
147.871,123,4.88207
147.871,125,0.970135
147.871,126,5.32082
147.871,127,5.81465
147.872,123,4.88207
147.872,125,0.970135
147.872,126,5.32082
147.872,127,5.81465
147.873,123,4.88207
147.873,125,0.970135
147.873,126,5.32082
147.873,127,5.81465
147.889,123,4.88207
147.889,125,0.970135
147.889,126,5.32082
147.889,127,5.81465
147.89,123,4.95175
147.89,125,0.958377
147.89,126,5.25051
147.89,127,5.74953
147.906,123,4.95175
147.906,125,0.958377
147.906,126,5.25051
147.906,127,5.74953
147.907,123,4.95175
147.907,125,0.958377
147.907,126,5.25051
147.907,127,5.74953
147.908,123,4.95175
147.908,125,0.958377
147.908,126,5.25051
147.908,127,5.74953
147.924,123,4.95175
147.924,125,0.958377
147.924,126,5.25051
147.924,127,5.74953
147.925,123,5.02122
147.925,125,0.949348
147.925,126,5.18918
147.925,127,5.69647
147.941,123,5.02122
147.941,125,0.949348
147.941,126,5.18918
147.941,127,5.69647
147.942,123,5.02122
147.942,125,0.949348
147.942,126,5.18918
147.942,127,5.69647
147.943,123,5.02122
147.943,125,0.949348
147.943,126,5.18918
147.943,127,5.69647
147.959,123,5.02122
147.959,125,0.949348
147.959,126,5.18918
147.959,127,5.69647
147.96,123,5.09068
147.96,125,0.94404
147.96,126,5.12298
147.96,127,5.63608
147.976,123,5.09068
147.976,125,0.94404
147.976,126,5.12298
147.976,127,5.63608
147.977,123,5.09068
147.977,125,0.94404
147.977,126,5.12298
147.977,127,5.63608
147.978,123,5.09068
147.978,125,0.94404
147.978,126,5.12298
147.978,127,5.63608
147.994,123,5.09068
147.994,125,0.94404
147.994,126,5.12298
147.994,127,5.63608
147.995,123,5.16016
147.995,125,0.9407
147.995,126,5.05855
147.995,127,5.57745
148.011,123,5.16016
148.011,125,0.9407
148.011,126,5.05855
148.011,127,5.57745
148.012,123,5.16016
148.012,125,0.9407
148.012,126,5.05855
148.012,127,5.57745
148.013,123,5.16016
148.013,125,0.9407
148.013,126,5.05855
148.013,127,5.57745
148.029,123,5.16016
148.029,125,0.9407
148.029,126,5.05855
148.029,127,5.57745
148.03,123,5.22919
148.03,125,0.940095
148.03,126,4.99562
148.03,127,5.52038
148.046,123,5.22919
148.046,125,0.940095
148.046,126,4.99562
148.046,127,5.52038
148.048,123,5.22919
148.048,125,0.940095
148.048,126,4.99562
148.048,127,5.52038
148.064,123,5.22919
148.064,125,0.940095
148.064,126,4.99562
148.064,127,5.52038
148.065,123,5.29804
148.065,125,0.921891
148.065,126,4.934
148.065,127,5.46488
148.081,123,5.29804
148.081,125,0.921891
148.081,126,4.934
148.081,127,5.46488
148.082,123,5.29804
148.082,125,0.921891
148.082,126,4.934
148.082,127,5.46488
148.083,123,5.29804
148.083,125,0.921891
148.083,126,4.934
148.083,127,5.46488
148.099,123,5.29804
148.099,125,0.921891
148.099,126,4.934
148.099,127,5.46488
148.1,123,5.36654
148.1,125,0.92745
148.1,126,4.87327
148.1,127,5.41032
148.116,123,5.36654
148.116,125,0.92745
148.116,126,4.87327
148.116,127,5.41032
148.117,123,5.36654
148.117,125,0.92745
148.117,126,4.87327
148.117,127,5.41032
148.118,123,5.36654
148.118,125,0.92745
148.118,126,4.87327
148.118,127,5.41032
148.134,123,5.36654
148.134,125,0.92745
148.134,126,4.87327
148.134,127,5.41032
148.135,123,5.43473
148.135,125,0.938588
148.135,126,4.81373
148.135,127,5.35702
148.151,123,5.43473
148.151,125,0.938588
148.151,126,4.81373
148.151,127,5.35702
148.152,123,5.43473
148.152,125,0.938588
148.152,126,4.81373
148.152,127,5.35702
148.153,123,5.43473
148.153,125,0.938588
148.153,126,4.81373
148.153,127,5.35702
148.169,123,5.43473
148.169,125,0.938588
148.169,126,4.81373
148.169,127,5.35702
148.17,123,5.50321
148.17,125,0.956388
148.17,126,4.75452
148.17,127,5.30434
148.186,123,5.50321
148.186,125,0.956388
148.186,126,4.75452
148.186,127,5.30434
148.187,123,5.50321
148.187,125,0.956388
148.187,126,4.75452
148.187,127,5.30434
148.188,123,5.50321
148.188,125,0.956388
148.188,126,4.75452
148.188,127,5.30434
148.204,123,5.50321
148.204,125,0.956388
148.204,126,4.75452
148.204,127,5.30434
148.205,123,5.57135
148.205,125,0.978546
148.205,126,4.69606
148.205,127,5.25239
148.221,123,5.57135
148.221,125,0.978546
148.221,126,4.69606
148.221,127,5.25239
148.222,123,5.57135
148.222,125,0.978546
148.222,126,4.69606
148.222,127,5.25239
148.223,123,5.57135
148.223,125,0.978546
148.223,126,4.69606
148.223,127,5.25239
148.239,123,5.57135
148.239,125,0.978546
148.239,126,4.69606
148.239,127,5.25239
148.24,123,5.63873
148.24,125,1.00536
148.24,126,4.639
148.24,127,5.20211
148.256,123,5.63873
148.256,125,1.00536
148.256,126,4.639
148.256,127,5.20211
148.257,123,5.63873
148.257,125,1.00536
148.257,126,4.639
148.257,127,5.20211
148.258,123,5.63873
148.258,125,1.00536
148.258,126,4.639
148.258,127,5.20211
148.274,123,5.63873
148.274,125,1.00536
148.274,126,4.639
148.274,127,5.20211
148.275,123,5.70561
148.275,125,1.03709
148.275,126,4.58328
148.275,127,5.15357
148.291,123,5.70561
148.291,125,1.03709
148.291,126,4.58328
148.291,127,5.15357
148.292,123,5.70561
148.292,125,1.03709
148.292,126,4.58328
148.292,127,5.15357
148.293,123,5.70561
148.293,125,1.03709
148.293,126,4.58328
148.293,127,5.15357
148.309,123,5.77191
148.309,125,1.07368
148.309,126,4.52828
148.309,127,5.10601
148.31,123,5.77191
148.31,125,1.07368
148.31,126,4.52828
148.31,127,5.10601
148.326,123,5.77191
148.326,125,1.07368
148.326,126,4.52828
148.326,127,5.10601
148.327,123,5.77191
148.327,125,1.07368
148.327,126,4.52828
148.327,127,5.10601
148.328,123,5.83763
148.328,125,1.11406
148.328,126,4.47466
148.328,127,5.06006
148.344,123,5.83763
148.344,125,1.11406
148.344,126,4.47466
148.344,127,5.06006
148.345,123,5.83763
148.345,125,1.11406
148.345,126,4.47466
148.345,127,5.06006
148.361,123,5.83763
148.361,125,1.11406
148.361,126,4.47466
148.361,127,5.06006
148.362,123,5.8881
148.362,125,1.13972
148.362,126,4.43828
148.362,127,5.03368
148.363,123,5.8881
148.363,125,1.13972
148.363,126,4.43828
148.363,127,5.03368
148.379,123,5.8881
148.379,125,1.13972
148.379,126,4.43828
148.379,127,5.03368
148.38,123,5.8881
148.38,125,1.13972
148.38,126,4.43828
148.38,127,5.03368
148.396,123,5.8881
148.396,125,1.13972
148.396,126,4.43828
148.396,127,5.03368
148.397,123,5.95222
148.397,125,1.18706
148.397,126,4.38706
148.397,127,4.99081
148.398,123,5.95222
148.398,125,1.18706
148.398,126,4.38706
148.398,127,4.99081
148.414,123,5.95222
148.414,125,1.18706
148.414,126,4.38706
148.414,127,4.99081
148.415,123,5.95222
148.415,125,1.18706
148.415,126,4.38706
148.415,127,4.99081
148.431,123,5.95222
148.431,125,1.18706
148.431,126,4.38706
148.431,127,4.99081
148.432,123,6.01727
148.432,125,1.23953
148.432,126,4.33485
148.432,127,4.94695
148.433,123,6.01727
148.433,125,1.23953
148.433,126,4.33485
148.433,127,4.94695
148.449,123,6.01727
148.449,125,1.23953
148.449,126,4.33485
148.449,127,4.94695
148.45,123,6.01727
148.45,125,1.23953
148.45,126,4.33485
148.45,127,4.94695
148.466,123,6.01727
148.466,125,1.23953
148.466,126,4.33485
148.466,127,4.94695
148.467,123,6.08278
148.467,125,1.29566
148.467,126,4.28175
148.467,127,4.90229
148.468,123,6.08278
148.468,125,1.29566
148.468,126,4.28175
148.468,127,4.90229
148.484,123,6.08278
148.484,125,1.29566
148.484,126,4.28175
148.484,127,4.90229
148.485,123,6.08278
148.485,125,1.29566
148.485,126,4.28175
148.485,127,4.90229
148.501,123,6.08278
148.501,125,1.29566
148.501,126,4.28175
148.501,127,4.90229
148.502,123,6.14864
148.502,125,1.35536
148.502,126,4.22856
148.502,127,4.85771
148.503,123,6.14864
148.503,125,1.35536
148.503,126,4.22856
148.503,127,4.85771
148.519,123,6.14864
148.519,125,1.35536
148.519,126,4.22856
148.519,127,4.85771
148.52,123,6.14864
148.52,125,1.35536
148.52,126,4.22856
148.52,127,4.85771
148.536,123,6.14864
148.536,125,1.35536
148.536,126,4.22856
148.536,127,4.85771
148.537,123,6.21506
148.537,125,1.41798
148.537,126,4.17412
148.537,127,4.81252
148.538,123,6.21506
148.538,125,1.41798
148.538,126,4.17412
148.538,127,4.81252
148.554,123,6.21506
148.554,125,1.41798
148.554,126,4.17412
148.554,127,4.81252
148.555,123,6.21506
148.555,125,1.41798
148.555,126,4.17412
148.555,127,4.81252
148.571,123,6.21506
148.571,125,1.41798
148.571,126,4.17412
148.571,127,4.81252
148.572,123,6.28145
148.572,125,1.48279
148.572,126,4.12003
148.572,127,4.76786
148.573,123,6.28145
148.573,125,1.48279
148.573,126,4.12003
148.573,127,4.76786
148.589,123,6.28145
148.589,125,1.48279
148.589,126,4.12003
148.589,127,4.76786
148.59,123,6.28145
148.59,125,1.48279
148.59,126,4.12003
148.59,127,4.76786
148.606,123,6.28145
148.606,125,1.48279
148.606,126,4.12003
148.606,127,4.76786
148.607,123,6.34803
148.607,125,1.54916
148.607,126,4.06535
148.607,127,4.72316
148.608,123,6.34803
148.608,125,1.54916
148.608,126,4.06535
148.608,127,4.72316
148.624,123,6.34803
148.624,125,1.54916
148.624,126,4.06535
148.624,127,4.72316
148.625,123,6.34803
148.625,125,1.54916
148.625,126,4.06535
148.625,127,4.72316
148.641,123,6.34803
148.641,125,1.54916
148.641,126,4.06535
148.641,127,4.72316
148.642,123,6.41471
148.642,125,1.61671
148.642,126,4.01204
148.642,127,4.6806
148.643,123,6.41471
148.643,125,1.61671
148.643,126,4.01204
148.643,127,4.6806
148.659,123,6.41471
148.659,125,1.61671
148.659,126,4.01204
148.659,127,4.6806
148.66,123,6.41471
148.66,125,1.61671
148.66,126,4.01204
148.66,127,4.6806
148.676,123,6.41471
148.676,125,1.61671
148.676,126,4.01204
148.676,127,4.6806
148.677,123,6.48117
148.677,125,1.68445
148.677,126,3.95996
148.677,127,4.63979
148.678,123,6.48117
148.678,125,1.68445
148.678,126,3.95996
148.678,127,4.63979
148.694,123,6.48117
148.694,125,1.68445
148.694,126,3.95996
148.694,127,4.63979
148.695,123,6.48117
148.695,125,1.68445
148.695,126,3.95996
148.695,127,4.63979
148.711,123,6.48117
148.711,125,1.68445
148.711,126,3.95996
148.711,127,4.63979
148.712,123,6.5479
148.712,125,1.75315
148.712,126,3.90755
148.712,127,4.59924
148.713,123,6.5479
148.713,125,1.75315
148.713,126,3.90755
148.713,127,4.59924
148.729,123,6.5479
148.729,125,1.75315
148.729,126,3.90755
148.729,127,4.59924
148.73,123,6.5479
148.73,125,1.75315
148.73,126,3.90755
148.73,127,4.59924
148.746,123,6.5479
148.746,125,1.75315
148.746,126,3.90755
148.746,127,4.59924
148.747,123,6.61493
148.747,125,1.82326
148.747,126,3.85487
148.747,127,4.55827
148.763,123,6.61493
148.763,125,1.82326
148.763,126,3.85487
148.763,127,4.55827
148.764,123,6.61493
148.764,125,1.82326
148.764,126,3.85487
148.764,127,4.55827
148.765,123,6.61493
148.765,125,1.82326
148.765,126,3.85487
148.765,127,4.55827
148.781,123,6.61493
148.781,125,1.82326
148.781,126,3.85487
148.781,127,4.55827
148.782,123,6.6826
148.782,125,1.89412
148.782,126,3.80255
148.782,127,4.51795
148.798,123,6.6826
148.798,125,1.89412
148.798,126,3.80255
148.798,127,4.51795
148.799,123,6.6826
148.799,125,1.89412
148.799,126,3.80255
148.799,127,4.51795
148.8,123,6.6826
148.8,125,1.89412
148.8,126,3.80255
148.8,127,4.51795
148.816,123,6.6826
148.816,125,1.89412
148.816,126,3.80255
148.816,127,4.51795
148.817,123,6.75071
148.817,125,1.96575
148.817,126,3.75036
148.817,127,4.47805
148.833,123,6.75071
148.833,125,1.96575
148.833,126,3.75036
148.833,127,4.47805
148.834,123,6.75071
148.834,125,1.96575
148.834,126,3.75036
148.834,127,4.47805
148.835,123,6.75071
148.835,125,1.96575
148.835,126,3.75036
148.835,127,4.47805
148.851,123,6.75071
148.851,125,1.96575
148.851,126,3.75036
148.851,127,4.47805
148.852,123,6.81979
148.852,125,2.03845
148.852,126,3.69808
148.852,127,4.43732
148.868,123,6.81979
148.868,125,2.03845
148.868,126,3.69808
148.868,127,4.43732
148.869,123,6.81979
148.869,125,2.03845
148.869,126,3.69808
148.869,127,4.43732
148.87,123,6.81979
148.87,125,2.03845
148.87,126,3.69808
148.87,127,4.43732
148.886,123,6.81979
148.886,125,2.03845
148.886,126,3.69808
148.886,127,4.43732
148.887,123,6.88914
148.887,125,2.11148
148.887,126,3.64641
148.887,127,4.39757
148.903,123,6.88914
148.903,125,2.11148
148.903,126,3.64641
148.903,127,4.39757
148.904,123,6.88914
148.904,125,2.11148
148.904,126,3.64641
148.904,127,4.39757
148.905,123,6.88914
148.905,125,2.11148
148.905,126,3.64641
148.905,127,4.39757
148.921,123,6.95873
148.921,125,2.18476
148.921,126,3.59589
148.921,127,4.35848
148.922,123,6.95873
148.922,125,2.18476
148.922,126,3.59589
148.922,127,4.35848
148.938,123,6.95873
148.938,125,2.18476
148.938,126,3.59589
148.938,127,4.35848
148.939,123,6.95873
148.939,125,2.18476
148.939,126,3.59589
148.939,127,4.35848
148.94,123,7.02763
148.94,125,2.25748
148.94,126,3.54734
148.94,127,4.32173
148.956,123,7.02763
148.956,125,2.25748
148.956,126,3.54734
148.956,127,4.32173
148.957,123,7.02763
148.957,125,2.25748
148.957,126,3.54734
148.957,127,4.32173
148.973,123,7.02763
148.973,125,2.25748
148.973,126,3.54734
148.973,127,4.32173
148.974,123,7.09731
148.974,125,2.33104
148.974,126,3.49904
148.974,127,4.28441
148.975,123,7.09731
148.975,125,2.33104
148.975,126,3.49904
148.975,127,4.28441
148.991,123,7.09731
148.991,125,2.33104
148.991,126,3.49904
148.991,127,4.28441
148.992,123,7.09731
148.992,125,2.33104
148.992,126,3.49904
148.992,127,4.28441
149.008,123,7.09731
149.008,125,2.33104
149.008,126,3.49904
149.008,127,4.28441
149.009,123,7.1679
149.009,125,2.40588
149.009,126,3.45031
149.009,127,4.2464
149.01,123,7.1679
149.01,125,2.40588
149.01,126,3.45031
149.01,127,4.2464
149.026,123,7.1679
149.026,125,2.40588
149.026,126,3.45031
149.026,127,4.2464
149.027,123,7.1679
149.027,125,2.40588
149.027,126,3.45031
149.027,127,4.2464
149.043,123,7.1679
149.043,125,2.40588
149.043,126,3.45031
149.043,127,4.2464
149.044,123,7.23797
149.044,125,2.4805
149.044,126,3.40276
149.044,127,4.20981
149.06,123,7.23797
149.06,125,2.4805
149.06,126,3.40276
149.06,127,4.20981
149.061,123,7.23797
149.061,125,2.4805
149.061,126,3.40276
149.061,127,4.20981
149.062,123,7.23797
149.062,125,2.4805
149.062,126,3.40276
149.062,127,4.20981
149.078,123,7.23797
149.078,125,2.4805
149.078,126,3.40276
149.078,127,4.20981
149.079,123,7.30823
149.079,125,2.5556
149.079,126,3.35589
149.079,127,4.17318
149.095,123,7.30823
149.095,125,2.5556
149.095,126,3.35589
149.095,127,4.17318
149.096,123,7.30823
149.096,125,2.5556
149.096,126,3.35589
149.096,127,4.17318
149.097,123,7.30823
149.097,125,2.5556
149.097,126,3.35589
149.097,127,4.17318
149.113,123,7.30823
149.113,125,2.5556
149.113,126,3.35589
149.113,127,4.17318
149.114,123,7.37834
149.114,125,2.63068
149.114,126,3.31052
149.114,127,4.13726
149.13,123,7.37834
149.13,125,2.63068
149.13,126,3.31052
149.13,127,4.13726
149.131,123,7.37834
149.131,125,2.63068
149.131,126,3.31052
149.131,127,4.13726
149.132,123,7.37834
149.132,125,2.63068
149.132,126,3.31052
149.132,127,4.13726
149.148,123,7.37834
149.148,125,2.63068
149.148,126,3.31052
149.148,127,4.13726
149.149,123,7.44787
149.149,125,2.70568
149.149,126,3.26704
149.149,127,4.10238
149.165,123,7.44787
149.165,125,2.70568
149.165,126,3.26704
149.165,127,4.10238
149.166,123,7.44787
149.166,125,2.70568
149.166,126,3.26704
149.166,127,4.10238
149.167,123,7.44787
149.167,125,2.70568
149.167,126,3.26704
149.167,127,4.10238
149.183,123,7.44787
149.183,125,2.70568
149.183,126,3.26704
149.183,127,4.10238
149.184,123,7.51689
149.184,125,2.78089
149.184,126,3.22457
149.184,127,4.06799
149.2,123,7.51689
149.2,125,2.78089
149.2,126,3.22457
149.2,127,4.06799
149.201,123,7.51689
149.201,125,2.78089
149.201,126,3.22457
149.201,127,4.06799
149.202,123,7.51689
149.202,125,2.78089
149.202,126,3.22457
149.202,127,4.06799
149.218,123,7.51689
149.218,125,2.78089
149.218,126,3.22457
149.218,127,4.06799
149.219,123,7.58517
149.219,125,2.85598
149.219,126,3.1832
149.219,127,4.0347
149.235,123,7.58517
149.235,125,2.85598
149.235,126,3.1832
149.235,127,4.0347
149.236,123,7.58517
149.236,125,2.85598
149.236,126,3.1832
149.236,127,4.0347
149.237,123,7.58517
149.237,125,2.85598
149.237,126,3.1832
149.237,127,4.0347
149.253,123,7.58517
149.253,125,2.85598
149.253,126,3.1832
149.253,127,4.0347
149.254,123,7.6527
149.254,125,2.93108
149.254,126,3.14414
149.254,127,4.00301
149.255,123,7.6527
149.255,125,2.93108
149.255,126,3.14414
149.255,127,4.00301
149.271,123,7.6527
149.271,125,2.93108
149.271,126,3.14414
149.271,127,4.00301
149.272,123,7.6527
149.272,125,2.93108
149.272,126,3.14414
149.272,127,4.00301
149.288,123,7.6527
149.288,125,2.93108
149.288,126,3.14414
149.288,127,4.00301
149.289,123,7.72045
149.289,125,3.00702
149.289,126,3.10488
149.289,127,3.97105
149.29,123,7.72045
149.29,125,3.00702
149.29,126,3.10488
149.29,127,3.97105
149.306,123,7.72045
149.306,125,3.00702
149.306,126,3.10488
149.306,127,3.97105
149.307,123,7.72045
149.307,125,3.00702
149.307,126,3.10488
149.307,127,3.97105
149.323,123,7.72045
149.323,125,3.00702
149.323,126,3.10488
149.323,127,3.97105
149.324,123,7.78768
149.324,125,3.08291
149.324,126,3.08209
149.324,127,3.94087
149.325,123,7.78768
149.325,125,3.08291
149.325,126,3.08209
149.325,127,3.94087
149.341,123,7.78768
149.341,125,3.08291
149.341,126,3.08209
149.341,127,3.94087
149.342,123,7.78768
149.342,125,3.08291
149.342,126,3.08209
149.342,127,3.94087
149.358,123,7.78768
149.358,125,3.08291
149.358,126,3.08209
149.358,127,3.94087
149.36,123,7.85426
149.36,125,3.15847
149.36,126,3.04762
149.36,127,3.92925
149.376,123,7.85426
149.376,125,3.15847
149.376,126,3.04762
149.376,127,3.92925
149.377,123,7.85426
149.377,125,3.15847
149.377,126,3.04762
149.377,127,3.92925
149.393,123,7.85426
149.393,125,3.15847
149.393,126,3.04762
149.393,127,3.92925
149.394,123,7.92042
149.394,125,3.23394
149.394,126,3.01431
149.394,127,3.90288
149.395,123,7.92042
149.395,125,3.23394
149.395,126,3.01431
149.395,127,3.90288
149.411,123,7.92042
149.411,125,3.23394
149.411,126,3.01431
149.411,127,3.90288
149.412,123,7.92042
149.412,125,3.23394
149.412,126,3.01431
149.412,127,3.90288
149.428,123,7.92042
149.428,125,3.23394
149.428,126,3.01431
149.428,127,3.90288
149.429,123,7.98636
149.429,125,3.30937
149.429,126,2.98197
149.429,127,3.87873
149.43,123,7.98636
149.43,125,3.30937
149.43,126,2.98197
149.43,127,3.87873
149.446,123,7.98636
149.446,125,3.30937
149.446,126,2.98197
149.446,127,3.87873
149.447,123,7.98636
149.447,125,3.30937
149.447,126,2.98197
149.447,127,3.87873
149.463,123,7.98636
149.463,125,3.30937
149.463,126,2.98197
149.463,127,3.87873
149.464,123,8.05194
149.464,125,3.38452
149.464,126,2.95222
149.464,127,3.85571
149.465,123,8.05194
149.465,125,3.38452
149.465,126,2.95222
149.465,127,3.85571
149.481,123,8.05194
149.481,125,3.38452
149.481,126,2.95222
149.481,127,3.85571
149.482,123,8.05194
149.482,125,3.38452
149.482,126,2.95222
149.482,127,3.85571
149.498,123,8.05194
149.498,125,3.38452
149.498,126,2.95222
149.498,127,3.85571
149.499,123,8.10514
149.499,125,3.4486
149.499,126,2.94555
149.499,127,3.85547
149.5,123,8.10514
149.5,125,3.4486
149.5,126,2.94555
149.5,127,3.85547
149.516,123,8.10514
149.516,125,3.4486
149.516,126,2.94555
149.516,127,3.85547
149.517,123,8.10514
149.517,125,3.4486
149.517,126,2.94555
149.517,127,3.85547
149.533,123,8.17024
149.533,125,3.52332
149.533,126,2.91996
149.533,127,3.83682
149.534,123,8.17024
149.534,125,3.52332
149.534,126,2.91996
149.534,127,3.83682
149.535,123,8.17024
149.535,125,3.52332
149.535,126,2.91996
149.535,127,3.83682
149.551,123,8.17024
149.551,125,3.52332
149.551,126,2.91996
149.551,127,3.83682
149.552,123,8.23673
149.552,125,3.59916
149.552,126,2.89491
149.552,127,3.81761
149.568,123,8.23673
149.568,125,3.59916
149.568,126,2.89491
149.568,127,3.81761
149.569,123,8.23673
149.569,125,3.59916
149.569,126,2.89491
149.569,127,3.81761
149.57,123,8.23673
149.57,125,3.59916
149.57,126,2.89491
149.57,127,3.81761
149.586,123,8.23673
149.586,125,3.59916
149.586,126,2.89491
149.586,127,3.81761
149.587,123,8.30409
149.587,125,3.67564
149.587,126,2.87027
149.587,127,3.79856
149.603,123,8.30409
149.603,125,3.67564
149.603,126,2.87027
149.603,127,3.79856
149.604,123,8.30409
149.604,125,3.67564
149.604,126,2.87027
149.604,127,3.79856
149.605,123,8.30409
149.605,125,3.67564
149.605,126,2.87027
149.605,127,3.79856
149.621,123,8.30409
149.621,125,3.67564
149.621,126,2.87027
149.621,127,3.79856
149.622,123,8.3724
149.622,125,3.75266
149.622,126,2.8472
149.622,127,3.78102
149.638,123,8.3724
149.638,125,3.75266
149.638,126,2.8472
149.638,127,3.78102
149.639,123,8.3724
149.639,125,3.75266
149.639,126,2.8472
149.639,127,3.78102
149.64,123,8.3724
149.64,125,3.75266
149.64,126,2.8472
149.64,127,3.78102
149.656,123,8.3724
149.656,125,3.75266
149.656,126,2.8472
149.656,127,3.78102
149.657,123,8.44183
149.657,125,3.83032
149.657,126,2.82606
149.657,127,3.76484
149.673,123,8.44183
149.673,125,3.83032
149.673,126,2.82606
149.673,127,3.76484
149.674,123,8.44183
149.674,125,3.83032
149.674,126,2.82606
149.674,127,3.76484
149.675,123,8.44183
149.675,125,3.83032
149.675,126,2.82606
149.675,127,3.76484
149.691,123,8.44183
149.691,125,3.83032
149.691,126,2.82606
149.691,127,3.76484
149.692,123,8.51242
149.692,125,3.90855
149.692,126,2.80716
149.692,127,3.75064
149.708,123,8.51242
149.708,125,3.90855
149.708,126,2.80716
149.708,127,3.75064
149.709,123,8.51242
149.709,125,3.90855
149.709,126,2.80716
149.709,127,3.75064
149.71,123,8.51242
149.71,125,3.90855
149.71,126,2.80716
149.71,127,3.75064
149.726,123,8.51242
149.726,125,3.90855
149.726,126,2.80716
149.726,127,3.75064
149.727,123,8.58475
149.727,125,3.98819
149.727,126,2.79107
149.727,127,3.73849
149.743,123,8.58475
149.743,125,3.98819
149.743,126,2.79107
149.743,127,3.73849
149.744,123,8.58475
149.744,125,3.98819
149.744,126,2.79107
149.744,127,3.73849
149.745,123,8.58475
149.745,125,3.98819
149.745,126,2.79107
149.745,127,3.73849
149.761,123,8.58475
149.761,125,3.98819
149.761,126,2.79107
149.761,127,3.73849
149.762,123,8.66011
149.762,125,4.07066
149.762,126,2.77733
149.762,127,3.72934
149.778,123,8.66011
149.778,125,4.07066
149.778,126,2.77733
149.778,127,3.72934
149.779,123,8.66011
149.779,125,4.07066
149.779,126,2.77733
149.779,127,3.72934
149.78,123,8.66011
149.78,125,4.07066
149.78,126,2.77733
149.78,127,3.72934
149.796,123,8.66011
149.796,125,4.07066
149.796,126,2.77733
149.796,127,3.72934
149.797,123,8.73782
149.797,125,4.15565
149.797,126,2.76661
149.797,127,3.72234
149.813,123,8.73782
149.813,125,4.15565
149.813,126,2.76661
149.813,127,3.72234
149.814,123,8.73782
149.814,125,4.15565
149.814,126,2.76661
149.814,127,3.72234
149.815,123,8.73782
149.815,125,4.15565
149.815,126,2.76661
149.815,127,3.72234
149.831,123,8.73782
149.831,125,4.15565
149.831,126,2.76661
149.831,127,3.72234
149.832,123,8.81756
149.832,125,4.24235
149.832,126,2.75776
149.832,127,3.71721
149.848,123,8.81756
149.848,125,4.24235
149.848,126,2.75776
149.848,127,3.71721
149.849,123,8.81756
149.849,125,4.24235
149.849,126,2.75776
149.849,127,3.71721
149.85,123,8.81756
149.85,125,4.24235
149.85,126,2.75776
149.85,127,3.71721
149.866,123,8.81756
149.866,125,4.24235
149.866,126,2.75776
149.866,127,3.71721
149.867,123,8.9001
149.867,125,4.33176
149.867,126,2.74934
149.867,127,3.71182
149.883,123,8.9001
149.883,125,4.33176
149.883,126,2.74934
149.883,127,3.71182
149.884,123,8.9001
149.884,125,4.33176
149.884,126,2.74934
149.884,127,3.71182
149.885,123,8.9001
149.885,125,4.33176
149.885,126,2.74934
149.885,127,3.71182
149.901,123,8.9001
149.901,125,4.33176
149.901,126,2.74934
149.901,127,3.71182
149.902,123,8.98405
149.902,125,4.42248
149.902,126,2.74179
149.902,127,3.70673
149.918,123,8.98405
149.918,125,4.42248
149.918,126,2.74179
149.918,127,3.70673
149.919,123,8.98405
149.919,125,4.42248
149.919,126,2.74179
149.919,127,3.70673
149.92,123,8.98405
149.92,125,4.42248
149.92,126,2.74179
149.92,127,3.70673
149.936,123,8.98405
149.936,125,4.42248
149.936,126,2.74179
149.936,127,3.70673
149.937,123,9.06885
149.937,125,4.51342
149.937,126,2.7374
149.937,127,3.70328
149.953,123,9.06885
149.953,125,4.51342
149.953,126,2.7374
149.953,127,3.70328
149.954,123,9.06885
149.954,125,4.51342
149.954,126,2.7374
149.954,127,3.70328
149.955,123,9.06885
149.955,125,4.51342
149.955,126,2.7374
149.955,127,3.70328
149.971,123,9.06885
149.971,125,4.51342
149.971,126,2.7374
149.971,127,3.70328
149.972,123,9.1522
149.972,125,4.60277
149.972,126,2.7364
149.972,127,3.70362
149.988,123,9.1522
149.988,125,4.60277
149.988,126,2.7364
149.988,127,3.70362
149.989,123,9.1522
149.989,125,4.60277
149.989,126,2.7364
149.989,127,3.70362
149.99,123,9.1522
149.99,125,4.60277
149.99,126,2.7364
149.99,127,3.70362
150.006,123,9.1522
150.006,125,4.60277
150.006,126,2.7364
150.006,127,3.70362
150.007,123,9.23636
150.007,125,4.69248
150.007,126,2.73638
150.007,127,3.70309
150.023,123,9.23636
150.023,125,4.69248
150.023,126,2.73638
150.023,127,3.70309
150.024,123,9.23636
150.024,125,4.69248
150.024,126,2.73638
150.024,127,3.70309
150.025,123,9.23636
150.025,125,4.69248
150.025,126,2.73638
150.025,127,3.70309
150.041,123,9.23636
150.041,125,4.69248
150.041,126,2.73638
150.041,127,3.70309
150.042,123,9.31862
150.042,125,4.77998
150.042,126,2.74029
150.042,127,3.70425
150.058,123,9.31862
150.058,125,4.77998
150.058,126,2.74029
150.058,127,3.70425
150.059,123,9.31862
150.059,125,4.77998
150.059,126,2.74029
150.059,127,3.70425
150.06,123,9.31862
150.06,125,4.77998
150.06,126,2.74029
150.06,127,3.70425
150.076,123,9.31862
150.076,125,4.77998
150.076,126,2.74029
150.076,127,3.70425
150.077,123,9.39805
150.077,125,4.86441
150.077,126,2.74793
150.077,127,3.70975
150.093,123,9.39805
150.093,125,4.86441
150.093,126,2.74793
150.093,127,3.70975
150.094,123,9.39805
150.094,125,4.86441
150.094,126,2.74793
150.094,127,3.70975
150.11,123,9.39805
150.11,125,4.86441
150.11,126,2.74793
150.11,127,3.70975
150.111,123,9.47431
150.111,125,4.94552
150.111,126,2.75636
150.111,127,3.71784
150.112,123,9.47431
150.112,125,4.94552
150.112,126,2.75636
150.112,127,3.71784
150.128,123,9.47431
150.128,125,4.94552
150.128,126,2.75636
150.128,127,3.71784
150.129,123,9.47431
150.129,125,4.94552
150.129,126,2.75636
150.129,127,3.71784
150.145,123,9.54712
150.145,125,5.02282
150.145,126,2.76662
150.145,127,3.72572
150.146,123,9.54712
150.146,125,5.02282
150.146,126,2.76662
150.146,127,3.72572
150.147,123,9.54712
150.147,125,5.02282
150.147,126,2.76662
150.147,127,3.72572
150.163,123,9.54712
150.163,125,5.02282
150.163,126,2.76662
150.163,127,3.72572
150.164,123,9.61576
150.164,125,5.09573
150.164,126,2.77855
150.164,127,3.73354
150.18,123,9.61576
150.18,125,5.09573
150.18,126,2.77855
150.18,127,3.73354
150.181,123,9.61576
150.181,125,5.09573
150.181,126,2.77855
150.181,127,3.73354
150.182,123,9.61576
150.182,125,5.09573
150.182,126,2.77855
150.182,127,3.73354
150.198,123,9.61576
150.198,125,5.09573
150.198,126,2.77855
150.198,127,3.73354
150.199,123,9.68075
150.199,125,5.16439
150.199,126,2.78913
150.199,127,3.74097
150.215,123,9.68075
150.215,125,5.16439
150.215,126,2.78913
150.215,127,3.74097
150.216,123,9.68075
150.216,125,5.16439
150.216,126,2.78913
150.216,127,3.74097
150.217,123,9.68075
150.217,125,5.16439
150.217,126,2.78913
150.217,127,3.74097
150.233,123,9.68075
150.233,125,5.16439
150.233,126,2.78913
150.233,127,3.74097
150.234,123,9.74103
150.234,125,5.22765
150.234,126,2.79952
150.234,127,3.74714
150.25,123,9.74103
150.25,125,5.22765
150.25,126,2.79952
150.25,127,3.74714
150.251,123,9.74103
150.251,125,5.22765
150.251,126,2.79952
150.251,127,3.74714
150.252,123,9.74103
150.252,125,5.22765
150.252,126,2.79952
150.252,127,3.74714
150.268,123,9.74103
150.268,125,5.22765
150.268,126,2.79952
150.268,127,3.74714
